date,currency,rate
2020-03-01,EUR,0.904905
2020-03-01,JPY,107.700498
2020-03-01,GBP,0.780865
2020-03-01,AUD,1.534715
2020-03-01,CAD,1.34081
2020-03-01,INR,72.175011
2020-03-01,MXN,19.82564
2020-03-01,RUB,67.148501
2020-03-01,CNY,6.991902
2020-03-02,EUR,0.897371
2020-03-02,JPY,108.491005
2020-03-02,GBP,0.783305
2020-03-02,AUD,1.527406
2020-03-02,CAD,1.33263
2020-03-02,INR,72.834989
2020-03-02,MXN,19.419942
2020-03-02,RUB,66.290702
2020-03-02,CNY,7.000802
2020-03-03,EUR,0.894598
2020-03-03,JPY,107.041965
2020-03-03,GBP,0.780025
2020-03-03,AUD,1.51933
2020-03-03,CAD,1.33788
2020-03-03,INR,73.425497
2020-03-03,MXN,19.446599
2020-03-03,RUB,66.214598
2020-03-03,CNY,6.962002
2020-03-04,EUR,0.897785
2020-03-04,JPY,107.682001
2020-03-04,GBP,0.776802
2020-03-04,AUD,1.509058
2020-03-04,CAD,1.338515
2020-03-04,INR,74.052503
2020-03-04,MXN,19.532201
2020-03-04,RUB,66.227038
2020-03-04,CNY,6.966398
2020-03-05,EUR,0.89099
2020-03-05,JPY,106.252502
2020-03-05,GBP,0.772198
2020-03-05,AUD,1.511802
2020-03-05,CAD,1.339435
2020-03-05,INR,73.873596
2020-03-05,MXN,19.8295
2020-03-05,RUB,67.574402
2020-03-05,CNY,6.936951
2020-03-06,EUR,0.886038
2020-03-06,JPY,105.303504
2020-03-06,GBP,0.76638
2020-03-06,AUD,1.505604
2020-03-06,CAD,1.34271
2020-03-06,INR,73.99704
2020-03-06,MXN,20.111904
2020-03-06,RUB,68.543504
2020-03-06,CNY,6.932041
2020-03-07,EUR,0.886014
2020-03-07,JPY,105.31504
2020-03-07,GBP,0.766342
2020-03-07,AUD,1.503704
2020-03-07,CAD,1.34271
2020-03-07,INR,74.005304
2020-03-07,MXN,20.110204
2020-03-07,RUB,68.560373
2020-03-07,CNY,6.931904
2020-03-08,EUR,0.87831
2020-03-08,JPY,103.946018
2020-03-08,GBP,0.763498
2020-03-08,AUD,1.512155
2020-03-08,CAD,1.36233
2020-03-08,INR,74.005306
2020-03-08,MXN,21.07204
2020-03-08,RUB,72.18315
2020-03-08,CNY,6.932101
2020-03-09,EUR,0.877385
2020-03-09,JPY,103.121995
2020-03-09,GBP,0.7649
2020-03-09,AUD,1.515691
2020-03-09,CAD,1.365935
2020-03-09,INR,74.433504
2020-03-09,MXN,20.82009
2020-03-09,RUB,74.67602
2020-03-09,CNY,6.946599
2020-03-10,EUR,0.883669
2020-03-10,JPY,105.027502
2020-03-10,GBP,0.774675
2020-03-10,AUD,1.538793
2020-03-10,CAD,1.373245
2020-03-10,INR,74.227497
2020-03-10,MXN,20.804398
2020-03-10,RUB,71.085201
2020-03-10,CNY,6.956601
2020-03-11,EUR,0.88802
2020-03-11,JPY,104.556984
2020-03-11,GBP,0.78018
2020-03-11,AUD,1.543508
2020-03-11,CAD,1.37755
2020-03-11,INR,74.784997
2020-03-11,MXN,21.431602
2020-03-11,RUB,73.149827
2020-03-11,CNY,6.960602
2020-03-12,EUR,0.89416
2020-03-12,JPY,104.613025
2020-03-12,GBP,0.795695
2020-03-12,AUD,1.59394
2020-03-12,CAD,1.394495
2020-03-12,INR,75.350003
2020-03-12,MXN,21.982202
2020-03-12,RUB,74.933101
2020-03-12,CNY,7.029601
2020-03-13,EUR,0.897545
2020-03-13,JPY,107.93504
2020-03-13,GBP,0.81504
2020-03-13,AUD,1.617077
2020-03-13,CAD,1.38415
2020-03-13,INR,73.95904
2020-03-13,MXN,21.91695
2020-03-13,RUB,72.623104
2020-03-13,CNY,7.008204
2020-03-14,EUR,0.897304
2020-03-14,JPY,107.93504
2020-03-14,GBP,0.814996
2020-03-14,AUD,1.617077
2020-03-14,CAD,1.38415
2020-03-14,INR,73.95904
2020-03-14,MXN,21.91695
2020-03-14,RUB,72.623104
2020-03-14,CNY,7.008204
2020-03-15,EUR,0.896585
2020-03-15,JPY,106.699502
2020-03-15,GBP,0.806565
2020-03-15,AUD,1.619125
2020-03-15,CAD,1.379935
2020-03-15,INR,73.959023
2020-03-15,MXN,21.81611
2020-03-15,RUB,73.260498
2020-03-15,CNY,7.008199
2020-03-16,EUR,0.896024
2020-03-16,JPY,106.179502
2020-03-16,GBP,0.81528
2020-03-16,AUD,1.6397
2020-03-16,CAD,1.40113
2020-03-16,INR,75.164967
2020-03-16,MXN,22.622845
2020-03-16,RUB,74.391301
2020-03-16,CNY,6.993697
2020-03-17,EUR,0.90789
2020-03-17,JPY,107.380498
2020-03-17,GBP,0.825035
2020-03-17,AUD,1.669115
2020-03-17,CAD,1.424135
2020-03-17,INR,74.024901
2020-03-17,MXN,22.966499
2020-03-17,RUB,75.3325
2020-03-17,CNY,7.007205
2020-03-18,EUR,0.91234
2020-03-18,JPY,108.366012
2020-03-18,GBP,0.86028
2020-03-18,AUD,1.721333
2020-03-18,CAD,1.44468
2020-03-18,INR,74.9825
2020-03-18,MXN,23.65722
2020-03-18,RUB,80.954994
2020-03-18,CNY,7.047401
2020-03-19,EUR,0.938435
2020-03-19,JPY,111.297994
2020-03-19,GBP,0.87017
2020-03-19,AUD,1.741902
2020-03-19,CAD,1.45002
2020-03-19,INR,75.160199
2020-03-19,MXN,24.061415
2020-03-19,RUB,79.000603
2020-03-19,CNY,7.108695
2020-03-20,EUR,0.929152
2020-03-20,JPY,110.96604
2020-03-20,GBP,0.858443
2020-03-20,AUD,1.726204
2020-03-20,CAD,1.43665
2020-03-20,INR,75.622604
2020-03-20,MXN,24.423204
2020-03-20,RUB,79.977404
2020-03-20,CNY,7.095804
2020-03-21,EUR,0.929066
2020-03-21,JPY,110.96604
2020-03-21,GBP,0.858369
2020-03-21,AUD,1.726204
2020-03-21,CAD,1.43665
2020-03-21,INR,75.622604
2020-03-21,MXN,24.423204
2020-03-21,RUB,79.977404
2020-03-21,CNY,7.095804
2020-03-22,EUR,0.935159
2020-03-22,JPY,110.473008
2020-03-22,GBP,0.860495
2020-03-22,AUD,1.73863
2020-03-22,CAD,1.44626
2020-03-22,INR,75.622601
2020-03-22,MXN,24.77227
2020-03-22,RUB,79.869197
2020-03-22,CNY,7.095802
2020-03-23,EUR,0.929015
2020-03-23,JPY,110.832971
2020-03-23,GBP,0.86254
2020-03-23,AUD,1.701867
2020-03-23,CAD,1.44798
2020-03-23,INR,76.570974
2020-03-23,MXN,25.351202
2020-03-23,RUB,79.477802
2020-03-23,CNY,7.092301
2020-03-24,EUR,0.92574
2020-03-24,JPY,111.123021
2020-03-24,GBP,0.848125
2020-03-24,AUD,1.673542
2020-03-24,CAD,1.444075
2020-03-24,INR,77.329706
2020-03-24,MXN,24.783698
2020-03-24,RUB,78.298197
2020-03-24,CNY,7.063099
2020-03-25,EUR,0.91835
2020-03-25,JPY,110.879043
2020-03-25,GBP,0.84389
2020-03-25,AUD,1.692749
2020-03-25,CAD,1.42182
2020-03-25,INR,75.845985
2020-03-25,MXN,24.023099
2020-03-25,RUB,78.3635
2020-03-25,CNY,7.114505
2020-03-26,EUR,0.90516
2020-03-26,JPY,109.112503
2020-03-26,GBP,0.819785
2020-03-26,AUD,1.645034
2020-03-26,CAD,1.40385
2020-03-26,INR,74.7261
2020-03-26,MXN,23.252096
2020-03-26,RUB,77.4753
2020-03-26,CNY,7.074099
2020-03-27,EUR,0.895504
2020-03-27,JPY,107.91504
2020-03-27,GBP,0.802762
2020-03-27,AUD,1.622041
2020-03-27,CAD,1.40225
2020-03-27,INR,74.87604
2020-03-27,MXN,23.391039
2020-03-27,RUB,78.772504
2020-03-27,CNY,7.096404
2020-03-28,EUR,0.895375
2020-03-28,JPY,107.91504
2020-03-28,GBP,0.80289
2020-03-28,AUD,1.622041
2020-03-28,CAD,1.40225
2020-03-28,INR,74.87604
2020-03-28,MXN,23.391039
2020-03-28,RUB,78.772504
2020-03-28,CNY,7.096404
2020-03-29,EUR,0.89781
2020-03-29,JPY,107.417025
2020-03-29,GBP,0.803119
2020-03-29,AUD,1.618325
2020-03-29,CAD,1.404705
2020-03-29,INR,75.472497
2020-03-29,MXN,23.603635
2020-03-29,RUB,78.683985
2020-03-29,CNY,7.096398
2020-03-30,EUR,0.90665
2020-03-30,JPY,108.043501
2020-03-30,GBP,0.808401
2020-03-30,AUD,1.621205
2020-03-30,CAD,1.418035
2020-03-30,INR,75.410233
2020-03-30,MXN,23.840502
2020-03-30,RUB,79.624204
2020-03-30,CNY,7.100302
2020-03-31,EUR,0.906935
2020-03-31,JPY,107.513015
2020-03-31,GBP,0.805983
2020-03-31,AUD,1.629514
2020-03-31,CAD,1.40805
2020-03-31,INR,75.334973
2020-03-31,MXN,23.765974
2020-03-31,RUB,78.449199
2020-03-31,CNY,7.082401
2020-04-01,EUR,0.91299
2020-04-01,JPY,107.261959
2020-04-01,GBP,0.807699
2020-04-01,AUD,1.64181
2020-04-01,CAD,1.415325
2020-04-01,INR,77.605036
2020-04-01,MXN,24.223031
2020-04-01,RUB,78.701198
2020-04-01,CNY,7.1003
2020-04-02,EUR,0.921945
2020-04-02,JPY,108.004008
2020-04-02,GBP,0.80687
2020-04-02,AUD,1.64948
2020-04-02,CAD,1.413075
2020-04-02,INR,77.195039
2020-04-02,MXN,24.250303
2020-04-02,RUB,77.134504
2020-04-02,CNY,7.084203
2020-04-03,EUR,0.925555
2020-04-03,JPY,108.42904
2020-04-03,GBP,0.814996
2020-04-03,AUD,1.667223
2020-04-03,CAD,1.42035
2020-04-03,INR,76.41904
2020-04-03,MXN,24.992955
2020-04-03,RUB,76.405038
2020-04-03,CNY,7.092304
2020-04-04,EUR,0.925498
2020-04-04,JPY,108.42904
2020-04-04,GBP,0.814996
2020-04-04,AUD,1.667223
2020-04-04,CAD,1.42035
2020-04-04,INR,76.41904
2020-04-04,MXN,24.992955
2020-04-04,RUB,76.405038
2020-04-04,CNY,7.092304
2020-04-05,EUR,0.925375
2020-04-05,JPY,108.697998
2020-04-05,GBP,0.818445
2020-04-05,AUD,1.668349
2020-04-05,CAD,1.42535
2020-04-05,INR,76.240078
2020-04-05,MXN,25.276974
2020-04-05,RUB,77.132506
2020-04-05,CNY,7.092297
2020-04-06,EUR,0.925799
2020-04-06,JPY,109.1165
2020-04-06,GBP,0.817055
2020-04-06,AUD,1.634668
2020-04-06,CAD,1.411297
2020-04-06,INR,75.9749
2020-04-06,MXN,24.557394
2020-04-06,RUB,75.990603
2020-04-06,CNY,7.092297
2020-04-07,EUR,0.91789
2020-04-07,JPY,108.658503
2020-04-07,GBP,0.81054
2020-04-07,AUD,1.625474
2020-04-07,CAD,1.40165
2020-04-07,INR,76.724984
2020-04-07,MXN,24.31909
2020-04-07,RUB,75.570099
2020-04-07,CNY,7.045898
2020-04-08,EUR,0.920705
2020-04-08,JPY,108.923498
2020-04-08,GBP,0.80697
2020-04-08,AUD,1.60395
2020-04-08,CAD,1.400445
2020-04-08,INR,75.968964
2020-04-08,MXN,23.999499
2020-04-08,RUB,75.083102
2020-04-08,CNY,7.065995
2020-04-09,EUR,0.915265
2020-04-09,JPY,108.565989
2020-04-09,GBP,0.802976
2020-04-09,AUD,1.579305
2020-04-09,CAD,1.398755
2020-04-09,INR,76.690066
2020-04-09,MXN,23.691398
2020-04-09,RUB,74.298803
2020-04-09,CNY,7.0432
2020-04-10,EUR,0.914369
2020-04-10,JPY,108.363504
2020-04-10,GBP,0.803406
2020-04-10,AUD,1.57484
2020-04-10,CAD,1.39535
2020-04-10,INR,76.176504
2020-04-10,MXN,23.35245
2020-04-10,RUB,73.790504
2020-04-10,CNY,7.036104
2020-04-11,EUR,0.914453
2020-04-11,JPY,108.363504
2020-04-11,GBP,0.803406
2020-04-11,AUD,1.57484
2020-04-11,CAD,1.39535
2020-04-11,INR,76.176504
2020-04-11,MXN,23.35245
2020-04-11,RUB,73.790504
2020-04-11,CNY,7.036104
2020-04-12,EUR,0.91474
2020-04-12,JPY,108.342043
2020-04-12,GBP,0.802585
2020-04-12,AUD,1.57864
2020-04-12,CAD,1.396985
2020-04-12,INR,76.176498
2020-04-12,MXN,23.461802
2020-04-12,RUB,73.698304
2020-04-12,CNY,7.036097
2020-04-13,EUR,0.915701
2020-04-13,JPY,107.624053
2020-04-13,GBP,0.798525
2020-04-13,AUD,1.56245
2020-04-13,CAD,1.38738
2020-04-13,INR,76.94027
2020-04-13,MXN,23.600202
2020-04-13,RUB,73.637899
2020-04-13,CNY,7.052596
2020-04-14,EUR,0.91035
2020-04-14,JPY,107.105497
2020-04-14,GBP,0.792055
2020-04-14,AUD,1.554207
2020-04-14,CAD,1.388155
2020-04-14,INR,75.966001
2020-04-14,MXN,23.377031
2020-04-14,RUB,73.0504
2020-04-14,CNY,7.049301
2020-04-15,EUR,0.917027
2020-04-15,JPY,107.614005
2020-04-15,GBP,0.798715
2020-04-15,AUD,1.585102
2020-04-15,CAD,1.411975
2020-04-15,INR,77.222502
2020-04-15,MXN,24.2542
2020-04-15,RUB,74.853497
2020-04-15,CNY,7.067602
2020-04-16,EUR,0.92099
2020-04-16,JPY,107.946503
2020-04-16,GBP,0.80086
2020-04-16,AUD,1.57271
2020-04-16,CAD,1.404015
2020-04-16,INR,77.579626
2020-04-16,MXN,23.775197
2020-04-16,RUB,74.232398
2020-04-16,CNY,7.079797
2020-04-17,EUR,0.91954
2020-04-17,JPY,107.57504
2020-04-17,GBP,0.803866
2020-04-17,AUD,1.571092
2020-04-17,CAD,1.400375
2020-04-17,INR,76.503823
2020-04-17,MXN,23.736904
2020-04-17,RUB,74.025038
2020-04-17,CNY,7.073204
2020-04-18,EUR,0.91954
2020-04-18,JPY,107.56504
2020-04-18,GBP,0.799392
2020-04-18,AUD,1.571092
2020-04-18,CAD,1.40035
2020-04-18,INR,76.50104
2020-04-18,MXN,23.720704
2020-04-18,RUB,74.025038
2020-04-18,CNY,7.073204
2020-04-19,EUR,0.92026
2020-04-19,JPY,107.675004
2020-04-19,GBP,0.800898
2020-04-19,AUD,1.57739
2020-04-19,CAD,1.40505
2020-04-19,INR,76.570274
2020-04-19,MXN,24.03415
2020-04-19,RUB,74.100095
2020-04-19,CNY,7.073197
2020-04-20,EUR,0.920425
2020-04-20,JPY,107.671498
2020-04-20,GBP,0.803695
2020-04-20,AUD,1.575759
2020-04-20,CAD,1.412545
2020-04-20,INR,76.592898
2020-04-20,MXN,24.007976
2020-04-20,RUB,75.444199
2020-04-20,CNY,7.073498
2020-04-21,EUR,0.92117
2020-04-21,JPY,107.725018
2020-04-21,GBP,0.813198
2020-04-21,AUD,1.58932
2020-04-21,CAD,1.41915
2020-04-21,INR,76.969897
2020-04-21,MXN,24.383601
2020-04-21,RUB,76.955097
2020-04-21,CNY,7.071802
2020-04-22,EUR,0.925303
2020-04-22,JPY,107.817969
2020-04-22,GBP,0.81152
2020-04-22,AUD,1.588058
2020-04-22,CAD,1.41867
2020-04-22,INR,76.41001
2020-04-22,MXN,24.494298
2020-04-22,RUB,75.965104
2020-04-22,CNY,7.084103
2020-04-23,EUR,0.928096
2020-04-23,JPY,107.668009
2020-04-23,GBP,0.809635
2020-04-23,AUD,1.568209
2020-04-23,CAD,1.40675
2020-04-23,INR,76.432503
2020-04-23,MXN,24.77405
2020-04-23,RUB,74.94948
2020-04-23,CNY,7.066698
2020-04-24,EUR,0.923788
2020-04-24,JPY,107.46504
2020-04-24,GBP,0.808734
2020-04-24,AUD,1.564358
2020-04-24,CAD,1.409835
2020-04-24,INR,76.31804
2020-04-24,MXN,24.98755
2020-04-24,RUB,74.590604
2020-04-24,CNY,7.081904
2020-04-25,EUR,0.924039
2020-04-25,JPY,107.473504
2020-04-25,GBP,0.808734
2020-04-25,AUD,1.565704
2020-04-25,CAD,1.410535
2020-04-25,INR,76.30204
2020-04-25,MXN,24.99155
2020-04-25,RUB,74.590604
2020-04-25,CNY,7.081804
2020-04-26,EUR,0.924102
2020-04-26,JPY,107.498498
2020-04-26,GBP,0.80868
2020-04-26,AUD,1.563297
2020-04-26,CAD,1.41105
2020-04-26,INR,76.281503
2020-04-26,MXN,25.0008
2020-04-26,RUB,74.628304
2020-04-26,CNY,7.081902
2020-04-27,EUR,0.924034
2020-04-27,JPY,107.287976
2020-04-27,GBP,0.80504
2020-04-27,AUD,1.55072
2020-04-27,CAD,1.403735
2020-04-27,INR,76.186802
2020-04-27,MXN,24.764695
2020-04-27,RUB,74.502218
2020-04-27,CNY,7.086399
2020-04-28,EUR,0.92298
2020-04-28,JPY,106.74597
2020-04-28,GBP,0.80419
2020-04-28,AUD,1.537846
2020-04-28,CAD,1.398325
2020-04-28,INR,76.507497
2020-04-28,MXN,24.298598
2020-04-28,RUB,74.182402
2020-04-28,CNY,7.079602
2020-04-29,EUR,0.919385
2020-04-29,JPY,106.614498
2020-04-29,GBP,0.801875
2020-04-29,AUD,1.525655
2020-04-29,CAD,1.387535
2020-04-29,INR,75.268501
2020-04-29,MXN,23.757043
2020-04-29,RUB,73.100396
2020-04-29,CNY,7.076901
2020-04-30,EUR,0.91366
2020-04-30,JPY,107.286503
2020-04-30,GBP,0.794865
2020-04-30,AUD,1.539563
2020-04-30,CAD,1.39536
2020-04-30,INR,75.735017
2020-04-30,MXN,24.229302
2020-04-30,RUB,74.373499
2020-04-30,CNY,7.062299
2020-05-01,EUR,0.901429
2020-05-01,JPY,106.930385
2020-05-01,GBP,0.799872
2020-05-01,AUD,1.557604
2020-05-01,CAD,1.42625
2020-05-01,INR,75.85904
2020-05-01,MXN,24.602604
2020-05-01,RUB,75.382504
2020-05-01,CNY,7.062404
2020-05-02,EUR,0.901348
2020-05-02,JPY,106.930385
2020-05-02,GBP,0.799872
2020-05-02,AUD,1.557604
2020-05-02,CAD,1.42635
2020-05-02,INR,75.83104
2020-05-02,MXN,24.602604
2020-05-02,RUB,75.382504
2020-05-02,CNY,7.062504
2020-05-03,EUR,0.912475
2020-05-03,JPY,106.743996
2020-05-03,GBP,0.802995
2020-05-03,AUD,1.568265
2020-05-03,CAD,1.41362
2020-05-03,INR,75.600976
2020-05-03,MXN,24.84199
2020-05-03,RUB,75.4625
2020-05-03,CNY,7.062499
2020-05-04,EUR,0.91712
2020-05-04,JPY,106.698503
2020-05-04,GBP,0.803535
2020-05-04,AUD,1.556235
2020-05-04,CAD,1.40847
2020-05-04,INR,76.009933
2020-05-04,MXN,24.105198
2020-05-04,RUB,74.7599
2020-05-04,CNY,7.062496
2020-05-05,EUR,0.92266
2020-05-05,JPY,106.452502
2020-05-05,GBP,0.803639
2020-05-05,AUD,1.554243
2020-05-05,CAD,1.404245
2020-05-05,INR,76.185004
2020-05-05,MXN,23.97788
2020-05-05,RUB,73.733597
2020-05-05,CNY,7.062495
2020-05-06,EUR,0.926085
2020-05-06,JPY,106.201004
2020-05-06,GBP,0.811405
2020-05-06,AUD,1.56495
2020-05-06,CAD,1.41649
2020-05-06,INR,76.22505
2020-05-06,MXN,24.442502
2020-05-06,RUB,74.498731
2020-05-06,CNY,7.104699
2020-05-07,EUR,0.92278
2020-05-07,JPY,106.363977
2020-05-07,GBP,0.80806
2020-05-07,AUD,1.537705
2020-05-07,CAD,1.39705
2020-05-07,INR,76.109938
2020-05-07,MXN,24.02956
2020-05-07,RUB,73.9237
2020-05-07,CNY,7.084901
2020-05-08,EUR,0.911536
2020-05-08,JPY,106.67604
2020-05-08,GBP,0.806104
2020-05-08,AUD,1.530402
2020-05-08,CAD,1.40165
2020-05-08,INR,75.47604
2020-05-08,MXN,23.672604
2020-05-08,RUB,73.40369
2020-05-08,CNY,7.074104
2020-05-09,EUR,0.911536
2020-05-09,JPY,106.67604
2020-05-09,GBP,0.806062
2020-05-09,AUD,1.530402
2020-05-09,CAD,1.40175
2020-05-09,INR,75.50404
2020-05-09,MXN,23.672604
2020-05-09,RUB,73.40369
2020-05-09,CNY,7.074204
2020-05-10,EUR,0.922585
2020-05-10,JPY,106.923975
2020-05-10,GBP,0.805365
2020-05-10,AUD,1.529845
2020-05-10,CAD,1.39252
2020-05-10,INR,75.534968
2020-05-10,MXN,23.640101
2020-05-10,RUB,73.428401
2020-05-10,CNY,7.074101
2020-05-11,EUR,0.925155
2020-05-11,JPY,107.571031
2020-05-11,GBP,0.810897
2020-05-11,AUD,1.542296
2020-05-11,CAD,1.40205
2020-05-11,INR,76.347501
2020-05-11,MXN,23.92674
2020-05-11,RUB,73.6564
2020-05-11,CNY,7.099013
2020-05-12,EUR,0.92197
2020-05-12,JPY,107.143502
2020-05-12,GBP,0.816094
2020-05-12,AUD,1.549151
2020-05-12,CAD,1.40816
2020-05-12,INR,75.710079
2020-05-12,MXN,24.369495
2020-05-12,RUB,73.6377
2020-05-12,CNY,7.083103
2020-05-13,EUR,0.924103
2020-05-13,JPY,106.934015
2020-05-13,GBP,0.816935
2020-05-13,AUD,1.5494
2020-05-13,CAD,1.40915
2020-05-13,INR,75.4362
2020-05-13,MXN,24.193202
2020-05-13,RUB,73.982803
2020-05-13,CNY,7.092398
2020-05-14,EUR,0.92536
2020-05-14,JPY,107.368505
2020-05-14,GBP,0.817499
2020-05-14,AUD,1.545502
2020-05-14,CAD,1.40355
2020-05-14,INR,75.495027
2020-05-14,MXN,23.8663
2020-05-14,RUB,73.544699
2020-05-14,CNY,7.0958
2020-05-15,EUR,0.924078
2020-05-15,JPY,107.089504
2020-05-15,GBP,0.826037
2020-05-15,AUD,1.558919
2020-05-15,CAD,1.411005
2020-05-15,INR,75.87704
2020-05-15,MXN,23.955804
2020-05-15,RUB,73.605504
2020-05-15,CNY,7.102204
2020-05-16,EUR,0.924078
2020-05-16,JPY,107.089504
2020-05-16,GBP,0.826194
2020-05-16,AUD,1.558919
2020-05-16,CAD,1.411005
2020-05-16,INR,75.87704
2020-05-16,MXN,23.955804
2020-05-16,RUB,73.605504
2020-05-16,CNY,7.102204
2020-05-17,EUR,0.924298
2020-05-17,JPY,107.211502
2020-05-17,GBP,0.82747
2020-05-17,AUD,1.55634
2020-05-17,CAD,1.40935
2020-05-17,INR,75.829815
2020-05-17,MXN,23.94151
2020-05-17,RUB,73.631899
2020-05-17,CNY,7.102196
2020-05-18,EUR,0.916196
2020-05-18,JPY,107.381495
2020-05-18,GBP,0.81971
2020-05-18,AUD,1.532802
2020-05-18,CAD,1.39415
2020-05-18,INR,75.610098
2020-05-18,MXN,23.735855
2020-05-18,RUB,72.725595
2020-05-18,CNY,7.109603
2020-05-19,EUR,0.915303
2020-05-19,JPY,107.811502
2020-05-19,GBP,0.815985
2020-05-19,AUD,1.52911
2020-05-19,CAD,1.39386
2020-05-19,INR,76.024982
2020-05-19,MXN,23.672695
2020-05-19,RUB,72.526903
2020-05-19,CNY,7.0992
2020-05-20,EUR,0.9107
2020-05-20,JPY,107.596013
2020-05-20,GBP,0.817301
2020-05-20,AUD,1.516944
2020-05-20,CAD,1.390495
2020-05-20,INR,75.829946
2020-05-20,MXN,23.210495
2020-05-20,RUB,71.246698
2020-05-20,CNY,7.093601
2020-05-21,EUR,0.913201
2020-05-21,JPY,107.63599
2020-05-21,GBP,0.818199
2020-05-21,AUD,1.52287
2020-05-21,CAD,1.394735
2020-05-21,INR,75.635031
2020-05-21,MXN,22.876475
2020-05-21,RUB,70.939803
2020-05-21,CNY,7.1154
2020-05-22,EUR,0.917389
2020-05-22,JPY,107.650385
2020-05-22,GBP,0.821959
2020-05-22,AUD,1.529988
2020-05-22,CAD,1.39945
2020-05-22,INR,75.97675
2020-05-22,MXN,22.730404
2020-05-22,RUB,71.631804
2020-05-22,CNY,7.130404
2020-05-23,EUR,0.917011
2020-05-23,JPY,107.650385
2020-05-23,GBP,0.821959
2020-05-23,AUD,1.529988
2020-05-23,CAD,1.39945
2020-05-23,INR,75.97675
2020-05-23,MXN,22.730404
2020-05-23,RUB,71.631804
2020-05-23,CNY,7.130404
2020-05-24,EUR,0.916784
2020-05-24,JPY,107.740598
2020-05-24,GBP,0.820665
2020-05-24,AUD,1.527815
2020-05-24,CAD,1.39861
2020-05-24,INR,75.994975
2020-05-24,MXN,22.66863
2020-05-24,RUB,71.609397
2020-05-24,CNY,7.130402
2020-05-25,EUR,0.917305
2020-05-25,JPY,107.687498
2020-05-25,GBP,0.81961
2020-05-25,AUD,1.527336
2020-05-25,CAD,1.397225
2020-05-25,INR,76.140074
2020-05-25,MXN,22.560503
2020-05-25,RUB,71.653801
2020-05-25,CNY,7.136796
2020-05-26,EUR,0.910802
2020-05-26,JPY,107.495987
2020-05-26,GBP,0.810797
2020-05-26,AUD,1.504517
2020-05-26,CAD,1.378365
2020-05-26,INR,75.840246
2020-05-26,MXN,22.218201
2020-05-26,RUB,70.794503
2020-05-26,CNY,7.135102
2020-05-27,EUR,0.90773
2020-05-27,JPY,107.801501
2020-05-27,GBP,0.815385
2020-05-27,AUD,1.51047
2020-05-27,CAD,1.375565
2020-05-27,INR,76.165032
2020-05-27,MXN,22.31388
2020-05-27,RUB,71.057302
2020-05-27,CNY,7.169301
2020-05-28,EUR,0.90263
2020-05-28,JPY,107.643498
2020-05-28,GBP,0.81164
2020-05-28,AUD,1.507702
2020-05-28,CAD,1.37765
2020-05-28,INR,75.974975
2020-05-28,MXN,22.213902
2020-05-28,RUB,70.539899
2020-05-28,CNY,7.146198
2020-05-29,EUR,0.900495
2020-05-29,JPY,107.80504
2020-05-29,GBP,0.809848
2020-05-29,AUD,1.499925
2020-05-29,CAD,1.377155
2020-05-29,INR,75.523204
2020-05-29,MXN,22.16715
2020-05-29,RUB,70.143404
2020-05-29,CNY,7.137304
2020-05-30,EUR,0.900495
2020-05-30,JPY,107.80504
2020-05-30,GBP,0.810143
2020-05-30,AUD,1.499925
2020-05-30,CAD,1.377155
2020-05-30,INR,75.523204
2020-05-30,MXN,22.16715
2020-05-30,RUB,70.143404
2020-05-30,CNY,7.137304
2020-05-31,EUR,0.899502
2020-05-31,JPY,107.712988
2020-05-31,GBP,0.809913
2020-05-31,AUD,1.50165
2020-05-31,CAD,1.37789
2020-05-31,INR,75.523198
2020-05-31,MXN,22.184802
2020-05-31,RUB,70.1951
2020-05-31,CNY,7.137298
2020-06-01,EUR,0.89883
2020-06-01,JPY,107.551498
2020-06-01,GBP,0.80088
2020-06-01,AUD,1.474057
2020-06-01,CAD,1.358295
2020-06-01,INR,75.744978
2020-06-01,MXN,22.0574
2020-06-01,RUB,69.111398
2020-06-01,CNY,7.127798
2020-06-02,EUR,0.89385
2020-06-02,JPY,108.8125
2020-06-02,GBP,0.79487
2020-06-02,AUD,1.44632
2020-06-02,CAD,1.351085
2020-06-02,INR,75.06605
2020-06-02,MXN,21.738802
2020-06-02,RUB,68.6951
2020-06-02,CNY,7.1014
2020-06-03,EUR,0.890099
2020-06-03,JPY,109.000502
2020-06-03,GBP,0.795295
2020-06-03,AUD,1.443604
2020-06-03,CAD,1.34945
2020-06-03,INR,75.562497
2020-06-03,MXN,21.726175
2020-06-03,RUB,68.532501
2020-06-03,CNY,7.115697
2020-06-04,EUR,0.882101
2020-06-04,JPY,109.151048
2020-06-04,GBP,0.79313
2020-06-04,AUD,1.440964
2020-06-04,CAD,1.350205
2020-06-04,INR,75.486501
2020-06-04,MXN,21.90498
2020-06-04,RUB,69.062298
2020-06-04,CNY,7.110297
2020-06-05,EUR,0.885665
2020-06-05,JPY,109.56804
2020-06-05,GBP,0.789546
2020-06-05,AUD,1.434926
2020-06-05,CAD,1.34335
2020-06-05,INR,75.564504
2020-06-05,MXN,21.592304
2020-06-05,RUB,68.697504
2020-06-05,CNY,7.082041
2020-06-06,EUR,0.885622
2020-06-06,JPY,109.56804
2020-06-06,GBP,0.789546
2020-06-06,AUD,1.434926
2020-06-06,CAD,1.34335
2020-06-06,INR,75.564504
2020-06-06,MXN,21.58225
2020-06-06,RUB,68.490373
2020-06-06,CNY,7.082041
2020-06-07,EUR,0.883455
2020-06-07,JPY,109.638992
2020-06-07,GBP,0.78586
2020-06-07,AUD,1.428163
2020-06-07,CAD,1.339365
2020-06-07,INR,75.517951
2020-06-07,MXN,21.477402
2020-06-07,RUB,68.1718
2020-06-07,CNY,7.08201
2020-06-08,EUR,0.884545
2020-06-08,JPY,108.412504
2020-06-08,GBP,0.785255
2020-06-08,AUD,1.42366
2020-06-08,CAD,1.33705
2020-06-08,INR,75.640092
2020-06-08,MXN,21.488015
2020-06-08,RUB,68.125599
2020-06-08,CNY,7.071301
2020-06-09,EUR,0.882465
2020-06-09,JPY,107.802004
2020-06-09,GBP,0.78675
2020-06-09,AUD,1.440715
2020-06-09,CAD,1.342449
2020-06-09,INR,75.51005
2020-06-09,MXN,21.88993
2020-06-09,RUB,68.621303
2020-06-09,CNY,7.077298
2020-06-10,EUR,0.879885
2020-06-10,JPY,106.981502
2020-06-10,GBP,0.786795
2020-06-10,AUD,1.43514
2020-06-10,CAD,1.342875
2020-06-10,INR,75.892497
2020-06-10,MXN,21.97948
2020-06-10,RUB,68.452402
2020-06-10,CNY,7.060993
2020-06-11,EUR,0.885915
2020-06-11,JPY,106.8065
2020-06-11,GBP,0.79515
2020-06-11,AUD,1.464015
2020-06-11,CAD,1.36383
2020-06-11,INR,76.414981
2020-06-11,MXN,22.85716
2020-06-11,RUB,70.102599
2020-06-11,CNY,7.065099
2020-06-12,EUR,0.888324
2020-06-12,JPY,107.363504
2020-06-12,GBP,0.797162
2020-06-12,AUD,1.459269
2020-06-12,CAD,1.35885
2020-06-12,INR,75.95704
2020-06-12,MXN,22.257685
2020-06-12,RUB,69.741704
2020-06-12,CNY,7.083404
2020-06-13,EUR,0.888462
2020-06-13,JPY,107.363504
2020-06-13,GBP,0.797162
2020-06-13,AUD,1.459269
2020-06-13,CAD,1.35885
2020-06-13,INR,75.95704
2020-06-13,MXN,22.257685
2020-06-13,RUB,69.741704
2020-06-13,CNY,7.083404
2020-06-14,EUR,0.888765
2020-06-14,JPY,107.316502
2020-06-14,GBP,0.799485
2020-06-14,AUD,1.465275
2020-06-14,CAD,1.363815
2020-06-14,INR,75.95705
2020-06-14,MXN,22.49104
2020-06-14,RUB,69.541397
2020-06-14,CNY,7.083398
2020-06-15,EUR,0.882035
2020-06-15,JPY,107.469012
2020-06-15,GBP,0.79133
2020-06-15,AUD,1.437174
2020-06-15,CAD,1.353435
2020-06-15,INR,75.97825
2020-06-15,MXN,22.15796
2020-06-15,RUB,69.607496
2020-06-15,CNY,7.091802
2020-06-16,EUR,0.88768
2020-06-16,JPY,107.412058
2020-06-16,GBP,0.794635
2020-06-16,AUD,1.450335
2020-06-16,CAD,1.353395
2020-06-16,INR,76.669914
2020-06-16,MXN,22.27172
2020-06-16,RUB,69.621897
2020-06-16,CNY,7.087004
2020-06-17,EUR,0.88948
2020-06-17,JPY,106.895002
2020-06-17,GBP,0.79669
2020-06-17,AUD,1.454419
2020-06-17,CAD,1.357665
2020-06-17,INR,76.570261
2020-06-17,MXN,22.3564
2020-06-17,RUB,69.763033
2020-06-17,CNY,7.085502
2020-06-18,EUR,0.8921
2020-06-18,JPY,107.009031
2020-06-18,GBP,0.804785
2020-06-18,AUD,1.458395
2020-06-18,CAD,1.359325
2020-06-18,INR,76.40065
2020-06-18,MXN,22.68114
2020-06-18,RUB,69.955197
2020-06-18,CNY,7.089402
2020-06-19,EUR,0.894494
2020-06-19,JPY,106.870385
2020-06-19,GBP,0.809748
2020-06-19,AUD,1.463165
2020-06-19,CAD,1.360704
2020-06-19,INR,76.25225
2020-06-19,MXN,22.641404
2020-06-19,RUB,69.424504
2020-06-19,CNY,7.072304
2020-06-20,EUR,0.894666
2020-06-20,JPY,106.870385
2020-06-20,GBP,0.809792
2020-06-20,AUD,1.463165
2020-06-20,CAD,1.360704
2020-06-20,INR,76.25225
2020-06-20,MXN,22.641404
2020-06-20,RUB,69.424504
2020-06-20,CNY,7.072304
2020-06-21,EUR,0.89468
2020-06-21,JPY,106.8345
2020-06-21,GBP,0.80989
2020-06-21,AUD,1.465755
2020-06-21,CAD,1.36195
2020-06-21,INR,76.25235
2020-06-21,MXN,22.651655
2020-06-21,RUB,69.682101
2020-06-21,CNY,7.0723
2020-06-22,EUR,0.88658
2020-06-22,JPY,106.903958
2020-06-22,GBP,0.799323
2020-06-22,AUD,1.442689
2020-06-22,CAD,1.350265
2020-06-22,INR,75.79005
2020-06-22,MXN,22.401597
2020-06-22,RUB,69.126798
2020-06-22,CNY,7.068401
2020-06-23,EUR,0.884015
2020-06-23,JPY,106.4355
2020-06-23,GBP,0.79846
2020-06-23,AUD,1.440881
2020-06-23,CAD,1.354265
2020-06-23,INR,75.61255
2020-06-23,MXN,22.39165
2020-06-23,RUB,68.759297
2020-06-23,CNY,7.058399
2020-06-24,EUR,0.88885
2020-06-24,JPY,107.045003
2020-06-24,GBP,0.80565
2020-06-24,AUD,1.458485
2020-06-24,CAD,1.364425
2020-06-24,INR,75.985021
2020-06-24,MXN,22.79278
2020-06-24,RUB,69.525497
2020-06-24,CNY,7.078203
2020-06-25,EUR,0.891197
2020-06-25,JPY,107.160179
2020-06-25,GBP,0.80485
2020-06-25,AUD,1.45195
2020-06-25,CAD,1.36375
2020-06-25,INR,75.54005
2020-06-25,MXN,22.68934
2020-06-25,RUB,69.093301
2020-06-25,CNY,7.078197
2020-06-26,EUR,0.891381
2020-06-26,JPY,107.180385
2020-06-26,GBP,0.810701
2020-06-26,AUD,1.457089
2020-06-26,CAD,1.369835
2020-06-26,INR,75.62804
2020-06-26,MXN,23.05665
2020-06-26,RUB,69.779504
2020-06-26,CNY,7.078404
2020-06-27,EUR,0.891421
2020-06-27,JPY,107.180385
2020-06-27,GBP,0.810471
2020-06-27,AUD,1.457089
2020-06-27,CAD,1.369835
2020-06-27,INR,75.62804
2020-06-27,MXN,23.05665
2020-06-27,RUB,69.779504
2020-06-27,CNY,7.078404
2020-06-28,EUR,0.890899
2020-06-28,JPY,107.222021
2020-06-28,GBP,0.81027
2020-06-28,AUD,1.457445
2020-06-28,CAD,1.36794
2020-06-28,INR,75.62005
2020-06-28,MXN,23.057197
2020-06-28,RUB,69.759303
2020-06-28,CNY,7.078205
2020-06-29,EUR,0.88914
2020-06-29,JPY,107.591014
2020-06-29,GBP,0.812355
2020-06-29,AUD,1.455275
2020-06-29,CAD,1.365705
2020-06-29,INR,75.722503
2020-06-29,MXN,23.05907
2020-06-29,RUB,70.008003
2020-06-29,CNY,7.081104
2020-06-30,EUR,0.890098
2020-06-30,JPY,107.992503
2020-06-30,GBP,0.807225
2020-06-30,AUD,1.449276
2020-06-30,CAD,1.35749
2020-06-30,INR,75.765019
2020-06-30,MXN,23.019503
2020-06-30,RUB,71.185702
2020-06-30,CNY,7.065497
2020-07-01,EUR,0.88881
2020-07-01,JPY,107.37098
2020-07-01,GBP,0.802315
2020-07-01,AUD,1.44695
2020-07-01,CAD,1.35935
2020-07-01,INR,75.45515
2020-07-01,MXN,22.714103
2020-07-01,RUB,70.89005
2020-07-01,CNY,7.071202
2020-07-02,EUR,0.88988
2020-07-02,JPY,107.498027
2020-07-02,GBP,0.802201
2020-07-02,AUD,1.445275
2020-07-02,CAD,1.357055
2020-07-02,INR,74.721497
2020-07-02,MXN,22.48032
2020-07-02,RUB,70.6233
2020-07-02,CNY,7.067005
2020-07-03,EUR,0.889104
2020-07-03,JPY,107.518504
2020-07-03,GBP,0.801072
2020-07-03,AUD,1.440507
2020-07-03,CAD,1.357745
2020-07-03,INR,74.67945
2020-07-03,MXN,22.38609
2020-07-03,RUB,71.451904
2020-07-03,CNY,7.066404
2020-07-04,EUR,0.889284
2020-07-04,JPY,107.518504
2020-07-04,GBP,0.801029
2020-07-04,AUD,1.440507
2020-07-04,CAD,1.357745
2020-07-04,INR,74.67945
2020-07-04,MXN,22.38609
2020-07-04,RUB,71.451904
2020-07-04,CNY,7.066404
2020-07-05,EUR,0.88914
2020-07-05,JPY,107.583505
2020-07-05,GBP,0.801605
2020-07-05,AUD,1.439295
2020-07-05,CAD,1.355015
2020-07-05,INR,74.67955
2020-07-05,MXN,22.38795
2020-07-05,RUB,71.366096
2020-07-05,CNY,7.066398
2020-07-06,EUR,0.883975
2020-07-06,JPY,107.362496
2020-07-06,GBP,0.800325
2020-07-06,AUD,1.433692
2020-07-06,CAD,1.353925
2020-07-06,INR,74.60785
2020-07-06,MXN,22.325965
2020-07-06,RUB,71.822961
2020-07-06,CNY,7.0188
2020-07-07,EUR,0.886931
2020-07-07,JPY,107.579001
2020-07-07,GBP,0.797345
2020-07-07,AUD,1.440515
2020-07-07,CAD,1.36065
2020-07-07,INR,75.139655
2020-07-07,MXN,22.807703
2020-07-07,RUB,71.444977
2020-07-07,CNY,7.013989
2020-07-08,EUR,0.881987
2020-07-08,JPY,107.286503
2020-07-08,GBP,0.792835
2020-07-08,AUD,1.431201
2020-07-08,CAD,1.35176
2020-07-08,INR,74.94015
2020-07-08,MXN,22.686798
2020-07-08,RUB,71.239105
2020-07-08,CNY,7.004501
2020-07-09,EUR,0.885925
2020-07-09,JPY,107.237014
2020-07-09,GBP,0.79337
2020-07-09,AUD,1.4374
2020-07-09,CAD,1.35825
2020-07-09,INR,75.390078
2020-07-09,MXN,22.6176
2020-07-09,RUB,70.779404
2020-07-09,CNY,6.994101
2020-07-10,EUR,0.885348
2020-07-10,JPY,106.920385
2020-07-10,GBP,0.792224
2020-07-10,AUD,1.438849
2020-07-10,CAD,1.359285
2020-07-10,INR,75.158704
2020-07-10,MXN,22.448845
2020-07-10,RUB,70.732504
2020-07-10,CNY,7.001804
2020-07-11,EUR,0.885348
2020-07-11,JPY,106.90504
2020-07-11,GBP,0.792236
2020-07-11,AUD,1.438849
2020-07-11,CAD,1.35885
2020-07-11,INR,75.195504
2020-07-11,MXN,22.444039
2020-07-11,RUB,70.732504
2020-07-11,CNY,7.001904
2020-07-12,EUR,0.884195
2020-07-12,JPY,106.914984
2020-07-12,GBP,0.791969
2020-07-12,AUD,1.438925
2020-07-12,CAD,1.359898
2020-07-12,INR,75.15875
2020-07-12,MXN,22.490904
2020-07-12,RUB,70.732503
2020-07-12,CNY,7.001897
2020-07-13,EUR,0.881415
2020-07-13,JPY,107.279502
2020-07-13,GBP,0.79675
2020-07-13,AUD,1.44135
2020-07-13,CAD,1.361125
2020-07-13,INR,75.464991
2020-07-13,MXN,22.724803
2020-07-13,RUB,70.806604
2020-07-13,CNY,6.997398
2020-07-14,EUR,0.876395
2020-07-14,JPY,107.245502
2020-07-14,GBP,0.795631
2020-07-14,AUD,1.431332
2020-07-14,CAD,1.359975
2020-07-14,INR,75.590088
2020-07-14,MXN,22.411024
2020-07-14,RUB,70.993097
2020-07-14,CNY,6.996799
2020-07-15,EUR,0.875875
2020-07-15,JPY,106.922005
2020-07-15,GBP,0.794281
2020-07-15,AUD,1.42715
2020-07-15,CAD,1.350775
2020-07-15,INR,75.11815
2020-07-15,MXN,22.33325
2020-07-15,RUB,71.039299
2020-07-15,CNY,6.988899
2020-07-16,EUR,0.877899
2020-07-16,JPY,107.283017
2020-07-16,GBP,0.796255
2020-07-16,AUD,1.433486
2020-07-16,CAD,1.35718
2020-07-16,INR,75.18075
2020-07-16,MXN,22.41418
2020-07-16,RUB,71.583394
2020-07-16,CNY,6.989299
2020-07-17,EUR,0.875048
2020-07-17,JPY,107.04504
2020-07-17,GBP,0.795608
2020-07-17,AUD,1.42898
2020-07-17,CAD,1.35811
2020-07-17,INR,74.92615
2020-07-17,MXN,22.545504
2020-07-17,RUB,71.876704
2020-07-17,CNY,6.992204
2020-07-18,EUR,0.874929
2020-07-18,JPY,107.04504
2020-07-18,GBP,0.795786
2020-07-18,AUD,1.42898
2020-07-18,CAD,1.35811
2020-07-18,INR,74.92615
2020-07-18,MXN,22.545504
2020-07-18,RUB,71.876704
2020-07-18,CNY,6.992204
2020-07-19,EUR,0.873945
2020-07-19,JPY,107.094501
2020-07-19,GBP,0.795505
2020-07-19,AUD,1.42796
2020-07-19,CAD,1.35751
2020-07-19,INR,74.89755
2020-07-19,MXN,22.49497
2020-07-19,RUB,71.860298
2020-07-19,CNY,6.992203
2020-07-20,EUR,0.872799
2020-07-20,JPY,107.196991
2020-07-20,GBP,0.78981
2020-07-20,AUD,1.423699
2020-07-20,CAD,1.352535
2020-07-20,INR,75.004984
2020-07-20,MXN,22.49104
2020-07-20,RUB,71.525697
2020-07-20,CNY,6.983802
2020-07-21,EUR,0.867025
2020-07-21,JPY,106.832496
2020-07-21,GBP,0.785535
2020-07-21,AUD,1.401434
2020-07-21,CAD,1.344815
2020-07-21,INR,74.785033
2020-07-21,MXN,22.3118
2020-07-21,RUB,70.7321
2020-07-21,CNY,6.980801
2020-07-22,EUR,0.864494
2020-07-22,JPY,107.175502
2020-07-22,GBP,0.785595
2020-07-22,AUD,1.40075
2020-07-22,CAD,1.341755
2020-07-22,INR,74.842495
2020-07-22,MXN,22.37487
2020-07-22,RUB,71.164905
2020-07-22,CNY,7.000199
2020-07-23,EUR,0.862385
2020-07-23,JPY,106.842968
2020-07-23,GBP,0.78554
2020-07-23,AUD,1.408503
2020-07-23,CAD,1.34042
2020-07-23,INR,74.853798
2020-07-23,MXN,22.493199
2020-07-23,RUB,71.339902
2020-07-23,CNY,7.004094
2020-07-24,EUR,0.857924
2020-07-24,JPY,106.125504
2020-07-24,GBP,0.781455
2020-07-24,AUD,1.40746
2020-07-24,CAD,1.34175
2020-07-24,INR,74.724704
2020-07-24,MXN,22.282335
2020-07-24,RUB,71.670104
2020-07-24,CNY,7.017304
2020-07-25,EUR,0.857924
2020-07-25,JPY,106.125504
2020-07-25,GBP,0.781769
2020-07-25,AUD,1.40746
2020-07-25,CAD,1.34175
2020-07-25,INR,74.724704
2020-07-25,MXN,22.282335
2020-07-25,RUB,71.670104
2020-07-25,CNY,7.017304
2020-07-26,EUR,0.858215
2020-07-26,JPY,105.998004
2020-07-26,GBP,0.78155
2020-07-26,AUD,1.40889
2020-07-26,CAD,1.34178
2020-07-26,INR,74.76005
2020-07-26,MXN,22.302197
2020-07-26,RUB,71.745012
2020-07-26,CNY,7.017101
2020-07-27,EUR,0.849695
2020-07-27,JPY,105.270962
2020-07-27,GBP,0.77585
2020-07-27,AUD,1.396863
2020-07-27,CAD,1.333931
2020-07-27,INR,75.035022
2020-07-27,MXN,21.951098
2020-07-27,RUB,71.575099
2020-07-27,CNY,6.99585
2020-07-28,EUR,0.853355
2020-07-28,JPY,105.112017
2020-07-28,GBP,0.773795
2020-07-28,AUD,1.397022
2020-07-28,CAD,1.337995
2020-07-28,INR,75.12016
2020-07-28,MXN,21.948396
2020-07-28,RUB,72.509106
2020-07-28,CNY,7.000801
2020-07-29,EUR,0.848715
2020-07-29,JPY,105.037011
2020-07-29,GBP,0.770315
2020-07-29,AUD,1.394379
2020-07-29,CAD,1.334235
2020-07-29,INR,74.8317
2020-07-29,MXN,21.9875
2020-07-29,RUB,72.5108
2020-07-29,CNY,7.001802
2020-07-30,EUR,0.842325
2020-07-30,JPY,104.68403
2020-07-30,GBP,0.762355
2020-07-30,AUD,1.388245
2020-07-30,CAD,1.341335
2020-07-30,INR,75.005038
2020-07-30,MXN,22.010401
2020-07-30,RUB,73.356501
2020-07-30,CNY,7.008797
2020-07-31,EUR,0.848983
2020-07-31,JPY,105.83904
2020-07-31,GBP,0.764219
2020-07-31,AUD,1.399805
2020-07-31,CAD,1.34115
2020-07-31,INR,74.929904
2020-07-31,MXN,22.27225
2020-07-31,RUB,74.390373
2020-07-31,CNY,6.975204
2020-08-01,EUR,0.848896
2020-08-01,JPY,105.83904
2020-08-01,GBP,0.764213
2020-08-01,AUD,1.399805
2020-08-01,CAD,1.34115
2020-08-01,INR,74.929904
2020-08-01,MXN,22.27225
2020-08-01,RUB,74.390373
2020-08-01,CNY,6.975204
2020-08-02,EUR,0.84876
2020-08-02,JPY,105.869501
2020-08-02,GBP,0.76331
2020-08-02,AUD,1.39931
2020-08-02,CAD,1.339825
2020-08-02,INR,74.91805
2020-08-02,MXN,22.2756
2020-08-02,RUB,74.38986
2020-08-02,CNY,6.975199
2020-08-03,EUR,0.850201
2020-08-03,JPY,106.035041
2020-08-03,GBP,0.76465
2020-08-03,AUD,1.405299
2020-08-03,CAD,1.33965
2020-08-03,INR,75.384954
2020-08-03,MXN,22.640699
2020-08-03,RUB,73.071703
2020-08-03,CNY,6.980902
2020-08-04,EUR,0.846375
2020-08-04,JPY,105.617502
2020-08-04,GBP,0.76421
2020-08-04,AUD,1.39339
2020-08-04,CAD,1.329665
2020-08-04,INR,75.2875
2020-08-04,MXN,22.643399
2020-08-04,RUB,73.423898
2020-08-04,CNY,6.973697
2020-08-05,EUR,0.842285
2020-08-05,JPY,105.556504
2020-08-05,GBP,0.761845
2020-08-05,AUD,1.389072
2020-08-05,CAD,1.326515
2020-08-05,INR,74.88745
2020-08-05,MXN,22.37414
2020-08-05,RUB,72.849397
2020-08-05,CNY,6.935602
2020-08-06,EUR,0.842101
2020-08-06,JPY,105.581995
2020-08-06,GBP,0.76119
2020-08-06,AUD,1.382954
2020-08-06,CAD,1.331885
2020-08-06,INR,74.89925
2020-08-06,MXN,22.40535
2020-08-06,RUB,73.197302
2020-08-06,CNY,6.953503
2020-08-07,EUR,0.848526
2020-08-07,JPY,105.917504
2020-08-07,GBP,0.766284
2020-08-07,AUD,1.398729
2020-08-07,CAD,1.338255
2020-08-07,INR,75.04075
2020-08-07,MXN,22.38541
2020-08-07,RUB,73.713038
2020-08-07,CNY,6.967804
2020-08-08,EUR,0.848259
2020-08-08,JPY,105.93904
2020-08-08,GBP,0.766665
2020-08-08,AUD,1.397038
2020-08-08,CAD,1.338355
2020-08-08,INR,75.025504
2020-08-08,MXN,22.38821
2020-08-08,RUB,73.713038
2020-08-08,CNY,6.967804
2020-08-09,EUR,0.848799
2020-08-09,JPY,105.855014
2020-08-09,GBP,0.76619
2020-08-09,AUD,1.397325
2020-08-09,CAD,1.338785
2020-08-09,INR,75.02505
2020-08-09,MXN,22.40712
2020-08-09,RUB,73.7503
2020-08-09,CNY,6.967995
2020-08-10,EUR,0.851975
2020-08-10,JPY,105.9925
2020-08-10,GBP,0.76473
2020-08-10,AUD,1.397429
2020-08-10,CAD,1.335435
2020-08-10,INR,75.117498
2020-08-10,MXN,22.472101
2020-08-10,RUB,73.561021
2020-08-10,CNY,6.961903
2020-08-11,EUR,0.852065
2020-08-11,JPY,106.522008
2020-08-11,GBP,0.76627
2020-08-11,AUD,1.399561
2020-08-11,CAD,1.331095
2020-08-11,INR,74.92501
2020-08-11,MXN,22.426396
2020-08-11,RUB,73.099902
2020-08-11,CNY,6.946297
2020-08-12,EUR,0.847907
2020-08-12,JPY,106.827034
2020-08-12,GBP,0.76645
2020-08-12,AUD,1.396102
2020-08-12,CAD,1.324395
2020-08-12,INR,74.77235
2020-08-12,MXN,22.355904
2020-08-12,RUB,73.813098
2020-08-12,CNY,6.937199
2020-08-13,EUR,0.846295
2020-08-13,JPY,106.989503
2020-08-13,GBP,0.76512
2020-08-13,AUD,1.398875
2020-08-13,CAD,1.322047
2020-08-13,INR,75.06502
2020-08-13,MXN,22.168897
2020-08-13,RUB,72.949499
2020-08-13,CNY,6.945099
2020-08-14,EUR,0.84442
2020-08-14,JPY,106.59104
2020-08-14,GBP,0.764146
2020-08-14,AUD,1.394311
2020-08-14,CAD,1.325845
2020-08-14,INR,74.854704
2020-08-14,MXN,21.966804
2020-08-14,RUB,72.843604
2020-08-14,CNY,6.950304
2020-08-15,EUR,0.844423
2020-08-15,JPY,106.59104
2020-08-15,GBP,0.764146
2020-08-15,AUD,1.394311
2020-08-15,CAD,1.325845
2020-08-15,INR,74.854704
2020-08-15,MXN,21.966804
2020-08-15,RUB,72.843604
2020-08-15,CNY,6.950304
2020-08-16,EUR,0.843803
2020-08-16,JPY,106.557972
2020-08-16,GBP,0.763009
2020-08-16,AUD,1.390395
2020-08-16,CAD,1.32536
2020-08-16,INR,74.90305
2020-08-16,MXN,21.948498
2020-08-16,RUB,72.9922
2020-08-16,CNY,6.950402
2020-08-17,EUR,0.842098
2020-08-17,JPY,105.9975
2020-08-17,GBP,0.762949
2020-08-17,AUD,1.3858
2020-08-17,CAD,1.32225
2020-08-17,INR,75.0175
2020-08-17,MXN,22.157698
2020-08-17,RUB,73.665195
2020-08-17,CNY,6.932896
2020-08-18,EUR,0.836995
2020-08-18,JPY,105.229021
2020-08-18,GBP,0.75453
2020-08-18,AUD,1.37815
2020-08-18,CAD,1.315465
2020-08-18,INR,74.810301
2020-08-18,MXN,22.133797
2020-08-18,RUB,73.081032
2020-08-18,CNY,6.921799
2020-08-19,EUR,0.844352
2020-08-19,JPY,106.079824
2020-08-19,GBP,0.76277
2020-08-19,AUD,1.3916
2020-08-19,CAD,1.321275
2020-08-19,INR,74.971801
2020-08-19,MXN,22.17729
2020-08-19,RUB,73.291602
2020-08-19,CNY,6.920703
2020-08-20,EUR,0.84235
2020-08-20,JPY,105.665495
2020-08-20,GBP,0.756445
2020-08-20,AUD,1.387775
2020-08-20,CAD,1.317275
2020-08-20,INR,75.00515
2020-08-20,MXN,22.090803
2020-08-20,RUB,73.903802
2020-08-20,CNY,6.915901
2020-08-21,EUR,0.847781
2020-08-21,JPY,105.79504
2020-08-21,GBP,0.763971
2020-08-21,AUD,1.396258
2020-08-21,CAD,1.31776
2020-08-21,INR,74.929304
2020-08-21,MXN,21.97636
2020-08-21,RUB,74.820904
2020-08-21,CNY,6.919504
2020-08-22,EUR,0.847817
2020-08-22,JPY,105.79504
2020-08-22,GBP,0.763971
2020-08-22,AUD,1.396258
2020-08-22,CAD,1.31776
2020-08-22,INR,74.929304
2020-08-22,MXN,21.97636
2020-08-22,RUB,74.820904
2020-08-22,CNY,6.919504
2020-08-23,EUR,0.847625
2020-08-23,JPY,105.881958
2020-08-23,GBP,0.76374
2020-08-23,AUD,1.39647
2020-08-23,CAD,1.31809
2020-08-23,INR,74.92205
2020-08-23,MXN,21.963465
2020-08-23,RUB,74.765006
2020-08-23,CNY,6.919504
2020-08-24,EUR,0.847875
2020-08-24,JPY,105.9965
2020-08-24,GBP,0.76507
2020-08-24,AUD,1.394934
2020-08-24,CAD,1.321805
2020-08-24,INR,74.425012
2020-08-24,MXN,21.987985
2020-08-24,RUB,74.634989
2020-08-24,CNY,6.919901
2020-08-25,EUR,0.844975
2020-08-25,JPY,106.405504
2020-08-25,GBP,0.76037
2020-08-25,AUD,1.38909
2020-08-25,CAD,1.31655
2020-08-25,INR,74.467499
2020-08-25,MXN,21.909702
2020-08-25,RUB,75.343898
2020-08-25,CNY,6.912897
2020-08-26,EUR,0.8445
2020-08-26,JPY,105.865999
2020-08-26,GBP,0.756515
2020-08-26,AUD,1.380325
2020-08-26,CAD,1.31405
2020-08-26,INR,74.24505
2020-08-26,MXN,21.93642
2020-08-26,RUB,75.622303
2020-08-26,CNY,6.885981
2020-08-27,EUR,0.846075
2020-08-27,JPY,106.643027
2020-08-27,GBP,0.75765
2020-08-27,AUD,1.375648
2020-08-27,CAD,1.312245
2020-08-27,INR,73.77475
2020-08-27,MXN,22.13863
2020-08-27,RUB,75.019098
2020-08-27,CNY,6.890203
2020-08-28,EUR,0.83998
2020-08-28,JPY,105.36504
2020-08-28,GBP,0.74898
2020-08-28,AUD,1.357405
2020-08-28,CAD,1.309835
2020-08-28,INR,73.128504
2020-08-28,MXN,21.753604
2020-08-28,RUB,74.085204
2020-08-28,CNY,6.865404
2020-08-29,EUR,0.839877
2020-08-29,JPY,105.36504
2020-08-29,GBP,0.749005
2020-08-29,AUD,1.357405
2020-08-29,CAD,1.309835
2020-08-29,INR,73.128504
2020-08-29,MXN,21.753604
2020-08-29,RUB,74.085204
2020-08-29,CNY,6.865404
2020-08-30,EUR,0.83908
2020-08-30,JPY,105.540252
2020-08-30,GBP,0.74875
2020-08-30,AUD,1.356668
2020-08-30,CAD,1.30813
2020-08-30,INR,73.12855
2020-08-30,MXN,21.752397
2020-08-30,RUB,74.165196
2020-08-30,CNY,6.865396
2020-08-31,EUR,0.837615
2020-08-31,JPY,106.004986
2020-08-31,GBP,0.74828
2020-08-31,AUD,1.355197
2020-08-31,CAD,1.30375
2020-08-31,INR,73.685021
2020-08-31,MXN,21.915925
2020-08-31,RUB,73.847899
2020-08-31,CNY,6.848703
2020-09-01,EUR,0.838725
2020-09-01,JPY,105.896995
2020-09-01,GBP,0.746335
2020-09-01,AUD,1.355355
2020-09-01,CAD,1.30555
2020-09-01,INR,73.295025
2020-09-01,MXN,21.748245
2020-09-01,RUB,73.594603
2020-09-01,CNY,6.828494
2020-09-02,EUR,0.844095
2020-09-02,JPY,106.211496
2020-09-02,GBP,0.749065
2020-09-02,AUD,1.36424
2020-09-02,CAD,1.30466
2020-09-02,INR,73.24875
2020-09-02,MXN,21.7419
2020-09-02,RUB,75.497697
2020-09-02,CNY,6.838297
2020-09-03,EUR,0.844635
2020-09-03,JPY,106.0875
2020-09-03,GBP,0.75407
2020-09-03,AUD,1.37855
2020-09-03,CAD,1.31404
2020-09-03,INR,73.451399
2020-09-03,MXN,21.713701
2020-09-03,RUB,75.330206
2020-09-03,CNY,6.846803
2020-09-04,EUR,0.844691
2020-09-04,JPY,106.239504
2020-09-04,GBP,0.752474
2020-09-04,AUD,1.373438
2020-09-04,CAD,1.30645
2020-09-04,INR,73.246204
2020-09-04,MXN,21.56465
2020-09-04,RUB,75.354704
2020-09-04,CNY,6.842504
2020-09-05,EUR,0.844691
2020-09-05,JPY,106.239504
2020-09-05,GBP,0.752474
2020-09-05,AUD,1.373438
2020-09-05,CAD,1.30645
2020-09-05,INR,73.246204
2020-09-05,MXN,21.56465
2020-09-05,RUB,75.354704
2020-09-05,CNY,6.842504
2020-09-06,EUR,0.845025
2020-09-06,JPY,106.315977
2020-09-06,GBP,0.754972
2020-09-06,AUD,1.373315
2020-09-06,CAD,1.307665
2020-09-06,INR,73.29055
2020-09-06,MXN,21.55545
2020-09-06,RUB,75.352299
2020-09-06,CNY,6.842497
2020-09-07,EUR,0.845994
2020-09-07,JPY,106.305503
2020-09-07,GBP,0.759825
2020-09-07,AUD,1.373815
2020-09-07,CAD,1.309615
2020-09-07,INR,73.68498
2020-09-07,MXN,21.6092
2020-09-07,RUB,75.753098
2020-09-07,CNY,6.830498
2020-09-08,EUR,0.849701
2020-09-08,JPY,105.971502
2020-09-08,GBP,0.77115
2020-09-08,AUD,1.387097
2020-09-08,CAD,1.323955
2020-09-08,INR,73.78705
2020-09-08,MXN,21.87492
2020-09-08,RUB,76.271979
2020-09-08,CNY,6.846105
2020-09-09,EUR,0.847105
2020-09-09,JPY,106.232005
2020-09-09,GBP,0.769325
2020-09-09,AUD,1.374287
2020-09-09,CAD,1.315285
2020-09-09,INR,73.574976
2020-09-09,MXN,21.389495
2020-09-09,RUB,75.3587
2020-09-09,CNY,6.833301
2020-09-10,EUR,0.845735
2020-09-10,JPY,106.143501
2020-09-10,GBP,0.780786
2020-09-10,AUD,1.377316
2020-09-10,CAD,1.318985
2020-09-10,INR,73.53455
2020-09-10,MXN,21.43915
2020-09-10,RUB,75.1785
2020-09-10,CNY,6.8343
2020-09-11,EUR,0.84406
2020-09-11,JPY,106.15504
2020-09-11,GBP,0.781555
2020-09-11,AUD,1.372875
2020-09-11,CAD,1.31785
2020-09-11,INR,73.476504
2020-09-11,MXN,21.275504
2020-09-11,RUB,74.895038
2020-09-11,CNY,6.834404
2020-09-12,EUR,0.84406
2020-09-12,JPY,106.15504
2020-09-12,GBP,0.781555
2020-09-12,AUD,1.372875
2020-09-12,CAD,1.31785
2020-09-12,INR,73.476504
2020-09-12,MXN,21.275504
2020-09-12,RUB,74.895038
2020-09-12,CNY,6.834404
2020-09-13,EUR,0.844499
2020-09-13,JPY,106.1498
2020-09-13,GBP,0.780885
2020-09-13,AUD,1.373425
2020-09-13,CAD,1.318205
2020-09-13,INR,73.47885
2020-09-13,MXN,21.269945
2020-09-13,RUB,74.901353
2020-09-13,CNY,6.834404
2020-09-14,EUR,0.842567
2020-09-14,JPY,105.718506
2020-09-14,GBP,0.778265
2020-09-14,AUD,1.372872
2020-09-14,CAD,1.317705
2020-09-14,INR,73.632503
2020-09-14,MXN,21.079797
2020-09-14,RUB,75.2413
2020-09-14,CNY,6.810498
2020-09-15,EUR,0.844305
2020-09-15,JPY,105.385973
2020-09-15,GBP,0.776145
2020-09-15,AUD,1.370525
2020-09-15,CAD,1.319325
2020-09-15,INR,73.832498
2020-09-15,MXN,21.157028
2020-09-15,RUB,75.235497
2020-09-15,CNY,6.781799
2020-09-16,EUR,0.847235
2020-09-16,JPY,105.065501
2020-09-16,GBP,0.77167
2020-09-16,AUD,1.370727
2020-09-16,CAD,1.318235
2020-09-16,INR,73.551203
2020-09-16,MXN,20.98166
2020-09-16,RUB,74.895101
2020-09-16,CNY,6.754803
2020-09-17,EUR,0.844035
2020-09-17,JPY,104.703024
2020-09-17,GBP,0.77072
2020-09-17,AUD,1.367475
2020-09-17,CAD,1.315105
2020-09-17,INR,73.58385
2020-09-17,MXN,20.895201
2020-09-17,RUB,74.992196
2020-09-17,CNY,6.765103
2020-09-18,EUR,0.84457
2020-09-18,JPY,104.55804
2020-09-18,GBP,0.774132
2020-09-18,AUD,1.371742
2020-09-18,CAD,1.32036
2020-09-18,INR,73.61015
2020-09-18,MXN,21.13922
2020-09-18,RUB,75.70369
2020-09-18,CNY,6.769041
2020-09-19,EUR,0.844616
2020-09-19,JPY,104.55804
2020-09-19,GBP,0.774204
2020-09-19,AUD,1.371742
2020-09-19,CAD,1.32036
2020-09-19,INR,73.61015
2020-09-19,MXN,21.13922
2020-09-19,RUB,75.70369
2020-09-19,CNY,6.769041
2020-09-20,EUR,0.84423
2020-09-20,JPY,104.541039
2020-09-20,GBP,0.77328
2020-09-20,AUD,1.371205
2020-09-20,CAD,1.31985
2020-09-20,INR,73.53505
2020-09-20,MXN,21.11637
2020-09-20,RUB,75.583498
2020-09-20,CNY,6.769038
2020-09-21,EUR,0.84987
2020-09-21,JPY,104.690936
2020-09-21,GBP,0.78005
2020-09-21,AUD,1.383303
2020-09-21,CAD,1.33025
2020-09-21,INR,73.58005
2020-09-21,MXN,21.34887
2020-09-21,RUB,76.327197
2020-09-21,CNY,6.805197
2020-09-22,EUR,0.854115
2020-09-22,JPY,105.036957
2020-09-22,GBP,0.784725
2020-09-22,AUD,1.39391
2020-09-22,CAD,1.32995
2020-09-22,INR,73.50325
2020-09-22,MXN,21.676025
2020-09-22,RUB,76.053985
2020-09-22,CNY,6.779899
2020-09-23,EUR,0.857765
2020-09-23,JPY,105.30985
2020-09-23,GBP,0.78637
2020-09-23,AUD,1.415028
2020-09-23,CAD,1.33864
2020-09-23,INR,73.781902
2020-09-23,MXN,22.405402
2020-09-23,RUB,76.832298
2020-09-23,CNY,6.810398
2020-09-24,EUR,0.856685
2020-09-24,JPY,105.435497
2020-09-24,GBP,0.783955
2020-09-24,AUD,1.417402
2020-09-24,CAD,1.335175
2020-09-24,INR,73.685901
2020-09-24,MXN,22.14508
2020-09-24,RUB,77.061401
2020-09-24,CNY,6.828697
2020-09-25,EUR,0.85978
2020-09-25,JPY,105.59104
2020-09-25,GBP,0.784622
2020-09-25,AUD,1.42288
2020-09-25,CAD,1.338765
2020-09-25,INR,73.699504
2020-09-25,MXN,22.341904
2020-09-25,RUB,78.147038
2020-09-25,CNY,6.823804
2020-09-26,EUR,0.859734
2020-09-26,JPY,105.59104
2020-09-26,GBP,0.784622
2020-09-26,AUD,1.42288
2020-09-26,CAD,1.338765
2020-09-26,INR,73.699504
2020-09-26,MXN,22.341904
2020-09-26,RUB,78.147038
2020-09-26,CNY,6.823804
2020-09-27,EUR,0.85948
2020-09-27,JPY,105.578988
2020-09-27,GBP,0.783355
2020-09-27,AUD,1.42026
2020-09-27,CAD,1.33808
2020-09-27,INR,73.69955
2020-09-27,MXN,22.31187
2020-09-27,RUB,78.138798
2020-09-27,CNY,6.823799
2020-09-28,EUR,0.85627
2020-09-28,JPY,105.433937
2020-09-28,GBP,0.776835
2020-09-28,AUD,1.409423
2020-09-28,CAD,1.335725
2020-09-28,INR,73.99011
2020-09-28,MXN,22.364103
2020-09-28,RUB,79.196396
2020-09-28,CNY,6.811898
2020-09-29,EUR,0.851665
2020-09-29,JPY,105.669004
2020-09-29,GBP,0.777285
2020-09-29,AUD,1.399874
2020-09-29,CAD,1.338465
2020-09-29,INR,73.968006
2020-09-29,MXN,22.388506
2020-09-29,RUB,79.000101
2020-09-29,CNY,6.816503
2020-09-30,EUR,0.852899
2020-09-30,JPY,105.454497
2020-09-30,GBP,0.774185
2020-09-30,AUD,1.395449
2020-09-30,CAD,1.33082
2020-09-30,INR,73.764968
2020-09-30,MXN,22.084098
2020-09-30,RUB,77.700598
2020-09-30,CNY,6.790802
2020-10-01,EUR,0.851455
2020-10-01,JPY,105.54898
2020-10-01,GBP,0.77607
2020-10-01,AUD,1.392598
2020-10-01,CAD,1.32865
2020-10-01,INR,73.25435
2020-10-01,MXN,21.84723
2020-10-01,RUB,77.241197
2020-10-01,CNY,6.790401
2020-10-02,EUR,0.853479
2020-10-02,JPY,105.33504
2020-10-02,GBP,0.773186
2020-10-02,AUD,1.395868
2020-10-02,CAD,1.331255
2020-10-02,INR,73.322604
2020-10-02,MXN,21.63035
2020-10-02,RUB,78.192604
2020-10-02,CNY,6.790904
2020-10-03,EUR,0.853457
2020-10-03,JPY,105.33504
2020-10-03,GBP,0.773186
2020-10-03,AUD,1.395868
2020-10-03,CAD,1.331255
2020-10-03,INR,73.322604
2020-10-03,MXN,21.63035
2020-10-03,RUB,78.192604
2020-10-03,CNY,6.790904
2020-10-04,EUR,0.853245
2020-10-04,JPY,105.513501
2020-10-04,GBP,0.77337
2020-10-04,AUD,1.393703
2020-10-04,CAD,1.32935
2020-10-04,INR,73.32265
2020-10-04,MXN,21.625022
2020-10-04,RUB,78.175
2020-10-04,CNY,6.790798
2020-10-05,EUR,0.848098
2020-10-05,JPY,105.712043
2020-10-05,GBP,0.769705
2020-10-05,AUD,1.390599
2020-10-05,CAD,1.32595
2020-10-05,INR,73.11355
2020-10-05,MXN,21.382102
2020-10-05,RUB,78.144404
2020-10-05,CNY,6.790802
2020-10-06,EUR,0.851985
2020-10-06,JPY,105.643504
2020-10-06,GBP,0.77625
2020-10-06,AUD,1.40652
2020-10-06,CAD,1.33222
2020-10-06,INR,73.833011
2020-10-06,MXN,21.69073
2020-10-06,RUB,78.407802
2020-10-06,CNY,6.790798
2020-10-07,EUR,0.849717
2020-10-07,JPY,105.9685
2020-10-07,GBP,0.774185
2020-10-07,AUD,1.401208
2020-10-07,CAD,1.32598
2020-10-07,INR,73.557495
2020-10-07,MXN,21.464802
2020-10-07,RUB,78.117501
2020-10-07,CNY,6.790701
2020-10-08,EUR,0.849943
2020-10-08,JPY,106.023061
2020-10-08,GBP,0.772815
2020-10-08,AUD,1.393534
2020-10-08,CAD,1.319245
2020-10-08,INR,73.281967
2020-10-08,MXN,21.35837
2020-10-08,RUB,77.314603
2020-10-08,CNY,6.790205
2020-10-09,EUR,0.845359
2020-10-09,JPY,105.63504
2020-10-09,GBP,0.766372
2020-10-09,AUD,1.380615
2020-10-09,CAD,1.31193
2020-10-09,INR,72.961204
2020-10-09,MXN,21.13289
2020-10-09,RUB,76.766204
2020-10-09,CNY,6.694704
2020-10-10,EUR,0.845248
2020-10-10,JPY,105.63504
2020-10-10,GBP,0.766372
2020-10-10,AUD,1.380615
2020-10-10,CAD,1.31193
2020-10-10,INR,72.961204
2020-10-10,MXN,21.13289
2020-10-10,RUB,76.766204
2020-10-10,CNY,6.694704
2020-10-11,EUR,0.846285
2020-10-11,JPY,105.637005
2020-10-11,GBP,0.76739
2020-10-11,AUD,1.384235
2020-10-11,CAD,1.31325
2020-10-11,INR,73.01505
2020-10-11,MXN,21.15109
2020-10-11,RUB,76.873503
2020-10-11,CNY,6.694705
2020-10-12,EUR,0.846399
2020-10-12,JPY,105.343995
2020-10-12,GBP,0.76541
2020-10-12,AUD,1.38695
2020-10-12,CAD,1.311285
2020-10-12,INR,73.35105
2020-10-12,MXN,21.203402
2020-10-12,RUB,77.035204
2020-10-12,CNY,6.745975
2020-10-13,EUR,0.851655
2020-10-13,JPY,105.471995
2020-10-13,GBP,0.77312
2020-10-13,AUD,1.39582
2020-10-13,CAD,1.314195
2020-10-13,INR,73.639935
2020-10-13,MXN,21.337065
2020-10-13,RUB,77.060903
2020-10-13,CNY,6.746501
2020-10-14,EUR,0.851525
2020-10-14,JPY,105.144961
2020-10-14,GBP,0.768575
2020-10-14,AUD,1.40034
2020-10-14,CAD,1.31515
2020-10-14,INR,73.29645
2020-10-14,MXN,21.32867
2020-10-14,RUB,77.750399
2020-10-14,CNY,6.715099
2020-10-15,EUR,0.854205
2020-10-15,JPY,105.364968
2020-10-15,GBP,0.775115
2020-10-15,AUD,1.410875
2020-10-15,CAD,1.322802
2020-10-15,INR,73.371499
2020-10-15,MXN,21.286599
2020-10-15,RUB,77.955702
2020-10-15,CNY,6.725398
2020-10-16,EUR,0.853607
2020-10-16,JPY,105.39504
2020-10-16,GBP,0.774047
2020-10-16,AUD,1.41223
2020-10-16,CAD,1.318885
2020-10-16,INR,73.44304
2020-10-16,MXN,21.133175
2020-10-16,RUB,77.803604
2020-10-16,CNY,6.697604
2020-10-17,EUR,0.853607
2020-10-17,JPY,105.39504
2020-10-17,GBP,0.774294
2020-10-17,AUD,1.41223
2020-10-17,CAD,1.318885
2020-10-17,INR,73.44304
2020-10-17,MXN,21.133175
2020-10-17,RUB,77.803604
2020-10-17,CNY,6.697604
2020-10-18,EUR,0.853595
2020-10-18,JPY,105.431969
2020-10-18,GBP,0.77357
2020-10-18,AUD,1.409642
2020-10-18,CAD,1.318025
2020-10-18,INR,73.44405
2020-10-18,MXN,21.1038
2020-10-18,RUB,77.552003
2020-10-18,CNY,6.697599
2020-10-19,EUR,0.849803
2020-10-19,JPY,105.470496
2020-10-19,GBP,0.77233
2020-10-19,AUD,1.417603
2020-10-19,CAD,1.319055
2020-10-19,INR,73.604966
2020-10-19,MXN,21.209675
2020-10-19,RUB,77.6232
2020-10-19,CNY,6.682199
2020-10-20,EUR,0.845345
2020-10-20,JPY,105.477498
2020-10-20,GBP,0.77201
2020-10-20,AUD,1.41851
2020-10-20,CAD,1.312085
2020-10-20,INR,73.677503
2020-10-20,MXN,21.10725
2020-10-20,RUB,77.317198
2020-10-20,CNY,6.676702
2020-10-21,EUR,0.843703
2020-10-21,JPY,104.676502
2020-10-21,GBP,0.761525
2020-10-21,AUD,1.40741
2020-10-21,CAD,1.315405
2020-10-21,INR,73.725802
2020-10-21,MXN,21.154385
2020-10-21,RUB,76.713899
2020-10-21,CNY,6.651101
2020-10-22,EUR,0.846405
2020-10-22,JPY,104.92194
2020-10-22,GBP,0.764695
2020-10-22,AUD,1.403332
2020-10-22,CAD,1.313755
2020-10-22,INR,73.727203
2020-10-22,MXN,20.9692
2020-10-22,RUB,76.573396
2020-10-22,CNY,6.684596
2020-10-23,EUR,0.843149
2020-10-23,JPY,104.758504
2020-10-23,GBP,0.766548
2020-10-23,AUD,1.400953
2020-10-23,CAD,1.312704
2020-10-23,INR,73.83415
2020-10-23,MXN,20.86275
2020-10-23,RUB,76.217304
2020-10-23,CNY,6.686804
2020-10-24,EUR,0.842993
2020-10-24,JPY,104.758504
2020-10-24,GBP,0.766548
2020-10-24,AUD,1.400953
2020-10-24,CAD,1.312704
2020-10-24,INR,73.83415
2020-10-24,MXN,20.86275
2020-10-24,RUB,76.217304
2020-10-24,CNY,6.686804
2020-10-25,EUR,0.844131
2020-10-25,JPY,104.714997
2020-10-25,GBP,0.766195
2020-10-25,AUD,1.40246
2020-10-25,CAD,1.31481
2020-10-25,INR,73.83415
2020-10-25,MXN,20.903915
2020-10-25,RUB,76.18305
2020-10-25,CNY,6.6868
2020-10-26,EUR,0.8467
2020-10-26,JPY,104.833988
2020-10-26,GBP,0.768285
2020-10-26,AUD,1.40492
2020-10-26,CAD,1.320725
2020-10-26,INR,73.94275
2020-10-26,MXN,20.965703
2020-10-26,RUB,76.485297
2020-10-26,CNY,6.712302
2020-10-27,EUR,0.848745
2020-10-27,JPY,104.547997
2020-10-27,GBP,0.76741
2020-10-27,AUD,1.403804
2020-10-27,CAD,1.318935
2020-10-27,INR,73.81325
2020-10-27,MXN,21.029696
2020-10-27,RUB,77.321603
2020-10-27,CNY,6.705502
2020-10-28,EUR,0.851165
2020-10-28,JPY,104.324009
2020-10-28,GBP,0.769865
2020-10-28,AUD,1.417736
2020-10-28,CAD,1.33111
2020-10-28,INR,74.45497
2020-10-28,MXN,21.255402
2020-10-28,RUB,79.087042
2020-10-28,CNY,6.729015
2020-10-29,EUR,0.856396
2020-10-29,JPY,104.547025
2020-10-29,GBP,0.773475
2020-10-29,AUD,1.420656
2020-10-29,CAD,1.331635
2020-10-29,INR,74.282497
2020-10-29,MXN,21.36233
2020-10-29,RUB,78.875902
2020-10-29,CNY,6.714963
2020-10-30,EUR,0.856504
2020-10-30,JPY,104.65504
2020-10-30,GBP,0.772499
2020-10-30,AUD,1.422678
2020-10-30,CAD,1.332704
2020-10-30,INR,74.547804
2020-10-30,MXN,21.186404
2020-10-30,RUB,79.372038
2020-10-30,CNY,6.691204
2020-10-31,EUR,0.856348
2020-10-31,JPY,104.65504
2020-10-31,GBP,0.772499
2020-10-31,AUD,1.422678
2020-10-31,CAD,1.332704
2020-10-31,INR,74.547804
2020-10-31,MXN,21.186404
2020-10-31,RUB,79.372038
2020-10-31,CNY,6.691204
2020-11-01,EUR,0.858995
2020-11-01,JPY,104.582012
2020-11-01,GBP,0.77356
2020-11-01,AUD,1.426959
2020-11-01,CAD,1.33668
2020-11-01,INR,74.547797
2020-11-01,MXN,21.277801
2020-11-01,RUB,79.48865
2020-11-01,CNY,6.6912
2020-11-02,EUR,0.858965
2020-11-02,JPY,104.725498
2020-11-02,GBP,0.773811
2020-11-02,AUD,1.417706
2020-11-02,CAD,1.322085
2020-11-02,INR,74.460302
2020-11-02,MXN,21.37445
2020-11-02,RUB,80.556903
2020-11-02,CNY,6.691198
2020-11-03,EUR,0.850702
2020-11-03,JPY,104.592005
2020-11-03,GBP,0.762565
2020-11-03,AUD,1.39055
2020-11-03,CAD,1.31071
2020-11-03,INR,74.8825
2020-11-03,MXN,21.04164
2020-11-03,RUB,79.106003
2020-11-03,CNY,6.677598
2020-11-04,EUR,0.852315
2020-11-04,JPY,104.427951
2020-11-04,GBP,0.77119
2020-11-04,AUD,1.392738
2020-11-04,CAD,1.31285
2020-11-04,INR,74.4075
2020-11-04,MXN,20.946301
2020-11-04,RUB,77.601498
2020-11-04,CNY,6.653503
2020-11-05,EUR,0.846375
2020-11-05,JPY,103.624972
2020-11-05,GBP,0.76125
2020-11-05,AUD,1.377382
2020-11-05,CAD,1.308425
2020-11-05,INR,74.137501
2020-11-05,MXN,20.75946
2020-11-05,RUB,76.908799
2020-11-05,CNY,6.606199
2020-11-06,EUR,0.842169
2020-11-06,JPY,103.347504
2020-11-06,GBP,0.760167
2020-11-06,AUD,1.37779
2020-11-06,CAD,1.302555
2020-11-06,INR,73.98115
2020-11-06,MXN,20.582315
2020-11-06,RUB,77.431704
2020-11-06,CNY,6.611404
2020-11-07,EUR,0.842151
2020-11-07,JPY,103.347504
2020-11-07,GBP,0.760023
2020-11-07,AUD,1.37779
2020-11-07,CAD,1.302555
2020-11-07,INR,73.98115
2020-11-07,MXN,20.582315
2020-11-07,RUB,77.431704
2020-11-07,CNY,6.611404
2020-11-08,EUR,0.84086
2020-11-08,JPY,103.265986
2020-11-08,GBP,0.758745
2020-11-08,AUD,1.372285
2020-11-08,CAD,1.30226
2020-11-08,INR,73.98115
2020-11-08,MXN,20.51892
2020-11-08,RUB,77.337198
2020-11-08,CNY,6.611403
2020-11-09,EUR,0.845804
2020-11-09,JPY,105.120503
2020-11-09,GBP,0.759475
2020-11-09,AUD,1.373935
2020-11-09,CAD,1.300825
2020-11-09,INR,73.957401
2020-11-09,MXN,20.33535
2020-11-09,RUB,76.285602
2020-11-09,CNY,6.629599
2020-11-10,EUR,0.846225
2020-11-10,JPY,105.261039
2020-11-10,GBP,0.754155
2020-11-10,AUD,1.373475
2020-11-10,CAD,1.303235
2020-11-10,INR,74.487499
2020-11-10,MXN,20.34344
2020-11-10,RUB,76.495901
2020-11-10,CNY,6.615801
2020-11-11,EUR,0.84886
2020-11-11,JPY,105.405008
2020-11-11,GBP,0.756164
2020-11-11,AUD,1.372935
2020-11-11,CAD,1.30581
2020-11-11,INR,74.62497
2020-11-11,MXN,20.467398
2020-11-11,RUB,77.082503
2020-11-11,CNY,6.631798
2020-11-12,EUR,0.847192
2020-11-12,JPY,105.092988
2020-11-12,GBP,0.76205
2020-11-12,AUD,1.381455
2020-11-12,CAD,1.313865
2020-11-12,INR,74.887502
2020-11-12,MXN,20.6087
2020-11-12,RUB,77.1095
2020-11-12,CNY,6.612299
2020-11-13,EUR,0.844923
2020-11-13,JPY,104.69204
2020-11-13,GBP,0.757576
2020-11-13,AUD,1.375402
2020-11-13,CAD,1.314041
2020-11-13,INR,74.537904
2020-11-13,MXN,20.405704
2020-11-13,RUB,77.30369
2020-11-13,CNY,6.606404
2020-11-14,EUR,0.844923
2020-11-14,JPY,104.69204
2020-11-14,GBP,0.757863
2020-11-14,AUD,1.375402
2020-11-14,CAD,1.314041
2020-11-14,INR,74.537904
2020-11-14,MXN,20.405704
2020-11-14,RUB,77.30369
2020-11-14,CNY,6.606404
2020-11-15,EUR,0.844199
2020-11-15,JPY,104.670992
2020-11-15,GBP,0.756435
2020-11-15,AUD,1.371648
2020-11-15,CAD,1.312265
2020-11-15,INR,74.537898
2020-11-15,MXN,20.34467
2020-11-15,RUB,77.33975
2020-11-15,CNY,6.606397
2020-11-16,EUR,0.843235
2020-11-16,JPY,104.542504
2020-11-16,GBP,0.756365
2020-11-16,AUD,1.3664
2020-11-16,CAD,1.307565
2020-11-16,INR,74.41835
2020-11-16,MXN,20.262405
2020-11-16,RUB,76.311299
2020-11-16,CNY,6.584802
2020-11-17,EUR,0.842935
2020-11-17,JPY,104.182502
2020-11-17,GBP,0.754249
2020-11-17,AUD,1.370652
2020-11-17,CAD,1.310585
2020-11-17,INR,74.47995
2020-11-17,MXN,20.28389
2020-11-17,RUB,76.244499
2020-11-17,CNY,6.556596
2020-11-18,EUR,0.844075
2020-11-18,JPY,103.894972
2020-11-18,GBP,0.754375
2020-11-18,AUD,1.36968
2020-11-18,CAD,1.308505
2020-11-18,INR,74.442501
2020-11-18,MXN,20.31657
2020-11-18,RUB,75.9194
2020-11-18,CNY,6.560499
2020-11-19,EUR,0.842735
2020-11-19,JPY,103.825975
2020-11-19,GBP,0.754805
2020-11-19,AUD,1.375696
2020-11-19,CAD,1.308605
2020-11-19,INR,74.103102
2020-11-19,MXN,20.248398
2020-11-19,RUB,76.2002
2020-11-19,CNY,6.583498
2020-11-20,EUR,0.843409
2020-11-20,JPY,103.86204
2020-11-20,GBP,0.75268
2020-11-20,AUD,1.369338
2020-11-20,CAD,1.30947
2020-11-20,INR,74.16265
2020-11-20,MXN,20.10722
2020-11-20,RUB,76.213904
2020-11-20,CNY,6.563041
2020-11-21,EUR,0.843409
2020-11-21,JPY,103.86204
2020-11-21,GBP,0.75268
2020-11-21,AUD,1.369338
2020-11-21,CAD,1.30947
2020-11-21,INR,74.16265
2020-11-21,MXN,20.10722
2020-11-21,RUB,76.213904
2020-11-21,CNY,6.563041
2020-11-22,EUR,0.842745
2020-11-22,JPY,103.819997
2020-11-22,GBP,0.751635
2020-11-22,AUD,1.367148
2020-11-22,CAD,1.30832
2020-11-22,INR,74.16265
2020-11-22,MXN,20.08922
2020-11-22,RUB,76.213903
2020-11-22,CNY,6.563036
2020-11-23,EUR,0.844506
2020-11-23,JPY,104.534995
2020-11-23,GBP,0.75028
2020-11-23,AUD,1.370599
2020-11-23,CAD,1.307485
2020-11-23,INR,74.24515
2020-11-23,MXN,20.10405
2020-11-23,RUB,75.996704
2020-11-23,CNY,6.586003
2020-11-24,EUR,0.840404
2020-11-24,JPY,104.51795
2020-11-24,GBP,0.748345
2020-11-24,AUD,1.357497
2020-11-24,CAD,1.299685
2020-11-24,INR,73.9613
2020-11-24,MXN,20.02755
2020-11-24,RUB,75.452901
2020-11-24,CNY,6.591199
2020-11-25,EUR,0.839032
2020-11-25,JPY,104.402988
2020-11-25,GBP,0.747135
2020-11-25,AUD,1.35815
2020-11-25,CAD,1.30045
2020-11-25,INR,73.79045
2020-11-25,MXN,19.972601
2020-11-25,RUB,75.481061
2020-11-25,CNY,6.579018
2020-11-26,EUR,0.839313
2020-11-26,JPY,104.247013
2020-11-26,GBP,0.74886
2020-11-26,AUD,1.359527
2020-11-26,CAD,1.302125
2020-11-26,INR,73.963899
2020-11-26,MXN,20.044098
2020-11-26,RUB,75.684899
2020-11-26,CNY,6.5756
2020-11-27,EUR,0.835911
2020-11-27,JPY,104.06604
2020-11-27,GBP,0.750866
2020-11-27,AUD,1.35373
2020-11-27,CAD,1.29955
2020-11-27,INR,73.93645
2020-11-27,MXN,20.032104
2020-11-27,RUB,76.078904
2020-11-27,CNY,6.577041
2020-11-28,EUR,0.835858
2020-11-28,JPY,104.06604
2020-11-28,GBP,0.751512
2020-11-28,AUD,1.35373
2020-11-28,CAD,1.29955
2020-11-28,INR,73.96245
2020-11-28,MXN,20.037604
2020-11-28,RUB,76.078904
2020-11-28,CNY,6.577041
2020-11-29,EUR,0.835349
2020-11-29,JPY,104.084969
2020-11-29,GBP,0.75011
2020-11-29,AUD,1.351375
2020-11-29,CAD,1.298345
2020-11-29,INR,73.96245
2020-11-29,MXN,20.04057
2020-11-29,RUB,76.0118
2020-11-29,CNY,6.577011
2020-11-30,EUR,0.837675
2020-11-30,JPY,104.303967
2020-11-30,GBP,0.749845
2020-11-30,AUD,1.359324
2020-11-30,CAD,1.299235
2020-11-30,INR,74.021602
2020-11-30,MXN,20.164495
2020-11-30,RUB,76.439802
2020-11-30,CNY,6.5789
2020-12-01,EUR,0.828303
2020-12-01,JPY,104.309497
2020-12-01,GBP,0.74506
2020-12-01,AUD,1.354915
2020-12-01,CAD,1.293385
2020-12-01,INR,73.67017
2020-12-01,MXN,20.03125
2020-12-01,RUB,75.993498
2020-12-01,CNY,6.572297
2020-12-02,EUR,0.825475
2020-12-02,JPY,104.460988
2020-12-02,GBP,0.74796
2020-12-02,AUD,1.348436
2020-12-02,CAD,1.29176
2020-12-02,INR,73.66285
2020-12-02,MXN,19.997715
2020-12-02,RUB,75.1457
2020-12-02,CNY,6.563398
2020-12-03,EUR,0.823365
2020-12-03,JPY,103.825976
2020-12-03,GBP,0.74326
2020-12-03,AUD,1.344628
2020-12-03,CAD,1.286545
2020-12-03,INR,73.86515
2020-12-03,MXN,19.9017
2020-12-03,RUB,74.523901
2020-12-03,CNY,6.542901
2020-12-04,EUR,0.825048
2020-12-04,JPY,104.159504
2020-12-04,GBP,0.744214
2020-12-04,AUD,1.346983
2020-12-04,CAD,1.278805
2020-12-04,INR,73.79855
2020-12-04,MXN,19.773065
2020-12-04,RUB,74.122038
2020-12-04,CNY,6.531604
2020-12-05,EUR,0.824875
2020-12-05,JPY,104.159504
2020-12-05,GBP,0.744075
2020-12-05,AUD,1.346983
2020-12-05,CAD,1.278805
2020-12-05,INR,73.79855
2020-12-05,MXN,19.773065
2020-12-05,RUB,74.122038
2020-12-05,CNY,6.531604
2020-12-06,EUR,0.825015
2020-12-06,JPY,104.208021
2020-12-06,GBP,0.74536
2020-12-06,AUD,1.34569
2020-12-06,CAD,1.278045
2020-12-06,INR,73.79855
2020-12-06,MXN,19.783498
2020-12-06,RUB,73.87245
2020-12-06,CNY,6.5316
2020-12-07,EUR,0.825575
2020-12-07,JPY,104.003006
2020-12-07,GBP,0.748695
2020-12-07,AUD,1.348163
2020-12-07,CAD,1.28045
2020-12-07,INR,74.0375
2020-12-07,MXN,19.89352
2020-12-07,RUB,73.781102
2020-12-07,CNY,6.529802
2020-12-08,EUR,0.825802
2020-12-08,JPY,104.140132
2020-12-08,GBP,0.748225
2020-12-08,AUD,1.34971
2020-12-08,CAD,1.281665
2020-12-08,INR,73.72665
2020-12-08,MXN,19.790997
2020-12-08,RUB,73.375501
2020-12-08,CNY,6.533198
2020-12-09,EUR,0.827994
2020-12-09,JPY,104.274976
2020-12-09,GBP,0.748185
2020-12-09,AUD,1.345442
2020-12-09,CAD,1.28273
2020-12-09,INR,73.962501
2020-12-09,MXN,19.88011
2020-12-09,RUB,73.646295
2020-12-09,CNY,6.543297
2020-12-10,EUR,0.823472
2020-12-10,JPY,104.186967
2020-12-10,GBP,0.75163
2020-12-10,AUD,1.329116
2020-12-10,CAD,1.274211
2020-12-10,INR,73.72595
2020-12-10,MXN,20.005698
2020-12-10,RUB,73.113203
2020-12-10,CNY,6.545499
2020-12-11,EUR,0.825655
2020-12-11,JPY,104.01204
2020-12-11,GBP,0.756029
2020-12-11,AUD,1.327316
2020-12-11,CAD,1.277785
2020-12-11,INR,73.738304
2020-12-11,MXN,20.13405
2020-12-11,RUB,73.150373
2020-12-11,CNY,6.546704
2020-12-12,EUR,0.825655
2020-12-12,JPY,104.01204
2020-12-12,GBP,0.756115
2020-12-12,AUD,1.327316
2020-12-12,CAD,1.277785
2020-12-12,INR,73.738304
2020-12-12,MXN,20.13405
2020-12-12,RUB,73.150373
2020-12-12,CNY,6.546704
2020-12-13,EUR,0.824195
2020-12-13,JPY,103.942006
2020-12-13,GBP,0.750905
2020-12-13,AUD,1.32439
2020-12-13,CAD,1.275145
2020-12-13,INR,73.738297
2020-12-13,MXN,20.080299
2020-12-13,RUB,73.044976
2020-12-13,CNY,6.546699
2020-12-14,EUR,0.82314
2020-12-14,JPY,104.015029
2020-12-14,GBP,0.750215
2020-12-14,AUD,1.32675
2020-12-14,CAD,1.276075
2020-12-14,INR,73.884985
2020-12-14,MXN,20.23074
2020-12-14,RUB,74.156302
2020-12-14,CNY,6.550803
2020-12-15,EUR,0.822774
2020-12-15,JPY,103.639026
2020-12-15,GBP,0.74385
2020-12-15,AUD,1.32358
2020-12-15,CAD,1.270045
2020-12-15,INR,73.76005
2020-12-15,MXN,19.93088
2020-12-15,RUB,73.313503
2020-12-15,CNY,6.539305
2020-12-16,EUR,0.819795
2020-12-16,JPY,103.480185
2020-12-16,GBP,0.740635
2020-12-16,AUD,1.321039
2020-12-16,CAD,1.274755
2020-12-16,INR,73.61585
2020-12-16,MXN,19.87374
2020-12-16,RUB,73.382901
2020-12-16,CNY,6.532804
2020-12-17,EUR,0.815505
2020-12-17,JPY,103.141036
2020-12-17,GBP,0.73696
2020-12-17,AUD,1.31318
2020-12-17,CAD,1.273185
2020-12-17,INR,73.53005
2020-12-17,MXN,19.836503
2020-12-17,RUB,73.125396
2020-12-17,CNY,6.533199
2020-12-18,EUR,0.815874
2020-12-18,JPY,103.318504
2020-12-18,GBP,0.739508
2020-12-18,AUD,1.311476
2020-12-18,CAD,1.27895
2020-12-18,INR,73.607104
2020-12-18,MXN,19.93775
2020-12-18,RUB,73.428504
2020-12-18,CNY,6.537041
2020-12-19,EUR,0.815827
2020-12-19,JPY,103.318504
2020-12-19,GBP,0.739508
2020-12-19,AUD,1.311476
2020-12-19,CAD,1.27895
2020-12-19,INR,73.607104
2020-12-19,MXN,19.93775
2020-12-19,RUB,73.428504
2020-12-19,CNY,6.537041
2020-12-20,EUR,0.818615
2020-12-20,JPY,103.460344
2020-12-20,GBP,0.746185
2020-12-20,AUD,1.31803
2020-12-20,CAD,1.281145
2020-12-20,INR,73.607099
2020-12-20,MXN,20.09644
2020-12-20,RUB,73.493503
2020-12-20,CNY,6.537035
2020-12-21,EUR,0.817299
2020-12-21,JPY,103.345004
2020-12-21,GBP,0.74355
2020-12-21,AUD,1.320132
2020-12-21,CAD,1.285365
2020-12-21,INR,73.932013
2020-12-21,MXN,19.997395
2020-12-21,RUB,74.586299
2020-12-21,CNY,6.549705
2020-12-22,EUR,0.820595
2020-12-22,JPY,103.539008
2020-12-22,GBP,0.74635
2020-12-22,AUD,1.32424
2020-12-22,CAD,1.28937
2020-12-22,INR,74.384965
2020-12-22,MXN,20.1063
2020-12-22,RUB,75.9131
2020-12-22,CNY,6.543297
2020-12-23,EUR,0.820275
2020-12-23,JPY,103.556984
2020-12-23,GBP,0.740495
2020-12-23,AUD,1.319366
2020-12-23,CAD,1.284595
2020-12-23,INR,73.84005
2020-12-23,MXN,20.063902
2020-12-23,RUB,75.055203
2020-12-23,CNY,6.540702
2020-12-24,EUR,0.820804
2020-12-24,JPY,103.65802
2020-12-24,GBP,0.737849
2020-12-24,AUD,1.316546
2020-12-24,CAD,1.28615
2020-12-24,INR,73.55805
2020-12-24,MXN,19.882974
2020-12-24,RUB,74.065013
2020-12-24,CNY,6.530099
2020-12-25,EUR,0.820204
2020-12-25,JPY,103.503806
2020-12-25,GBP,0.747328
2020-12-25,AUD,1.315884
2020-12-25,CAD,1.28735
2020-12-25,INR,73.663904
2020-12-25,MXN,19.882104
2020-12-25,RUB,74.060373
2020-12-25,CNY,6.541804
2020-12-26,EUR,0.8141
2020-12-26,JPY,103.503806
2020-12-26,GBP,0.747328
2020-12-26,AUD,1.315884
2020-12-26,CAD,1.28735
2020-12-26,INR,73.663904
2020-12-26,MXN,19.882104
2020-12-26,RUB,74.060373
2020-12-26,CNY,6.541804
2020-12-27,EUR,0.819365
2020-12-27,JPY,103.53601
2020-12-27,GBP,0.736845
2020-12-27,AUD,1.313835
2020-12-27,CAD,1.28408
2020-12-27,INR,73.6639
2020-12-27,MXN,19.87259
2020-12-27,RUB,73.96945
2020-12-27,CNY,6.541797
2020-12-28,EUR,0.818201
2020-12-28,JPY,103.693967
2020-12-28,GBP,0.742655
2020-12-28,AUD,1.317899
2020-12-28,CAD,1.28425
2020-12-28,INR,73.54515
2020-12-28,MXN,20.00875
2020-12-28,RUB,73.9655
2020-12-28,CNY,6.537102
2020-12-29,EUR,0.816155
2020-12-29,JPY,103.560503
2020-12-29,GBP,0.740796
2020-12-29,AUD,1.314121
2020-12-29,CAD,1.282245
2020-12-29,INR,73.45085
2020-12-29,MXN,19.937215
2020-12-29,RUB,74.056395
2020-12-29,CNY,6.530975
2020-12-30,EUR,0.813025
2020-12-30,JPY,103.12301
2020-12-30,GBP,0.73369
2020-12-30,AUD,1.30057
2020-12-30,CAD,1.275115
2020-12-30,INR,73.189649
2020-12-30,MXN,19.893404
2020-12-30,RUB,74.53975
2020-12-30,CNY,6.523303
2020-12-31,EUR,0.821102
2020-12-31,JPY,103.240502
2020-12-31,GBP,0.731422
2020-12-31,AUD,1.29855
2020-12-31,CAD,1.273005
2020-12-31,INR,73.07485
2020-12-31,MXN,19.88475
2020-12-31,RUB,73.946196
2020-12-31,CNY,6.532697
2021-01-01,EUR,0.821304
2021-01-01,JPY,103.240385
2021-01-01,GBP,0.731368
2021-01-01,AUD,1.29985
2021-01-01,CAD,1.27395
2021-01-01,INR,73.09225
2021-01-01,MXN,19.882204
2021-01-01,RUB,73.945038
2021-01-01,CNY,6.533041
2021-01-02,EUR,0.824063
2021-01-02,JPY,103.240385
2021-01-02,GBP,0.731368
2021-01-02,AUD,1.29985
2021-01-02,CAD,1.27395
2021-01-02,INR,73.09225
2021-01-02,MXN,19.882204
2021-01-02,RUB,73.945038
2021-01-02,CNY,6.533041
2021-01-03,EUR,0.816315
2021-01-03,JPY,103.242033
2021-01-03,GBP,0.730805
2021-01-03,AUD,1.29673
2021-01-03,CAD,1.27232
2021-01-03,INR,73.09225
2021-01-03,MXN,19.849652
2021-01-03,RUB,74.19075
2021-01-03,CNY,6.532972
2021-01-04,EUR,0.816245
2021-01-04,JPY,103.130269
2021-01-04,GBP,0.736914
2021-01-04,AUD,1.303951
2021-01-04,CAD,1.27835
2021-01-04,INR,73.330062
2021-01-04,MXN,19.94495
2021-01-04,RUB,74.510402
2021-01-04,CNY,6.461597
2021-01-05,EUR,0.813015
2021-01-05,JPY,102.678985
2021-01-05,GBP,0.73375
2021-01-05,AUD,1.288079
2021-01-05,CAD,1.267515
2021-01-05,INR,73.37505
2021-01-05,MXN,19.904702
2021-01-05,RUB,74.170098
2021-01-05,CNY,6.456297
2021-01-06,EUR,0.810403
2021-01-06,JPY,103.029031
2021-01-06,GBP,0.733985
2021-01-06,AUD,1.279591
2021-01-06,CAD,1.266585
2021-01-06,INR,73.375048
2021-01-06,MXN,19.65827
2021-01-06,RUB,74.126496
2021-01-06,CNY,6.461703
2021-01-07,EUR,0.815027
2021-01-07,JPY,103.795032
2021-01-07,GBP,0.737005
2021-01-07,AUD,1.287184
2021-01-07,CAD,1.268465
2021-01-07,INR,73.453503
2021-01-07,MXN,20.015098
2021-01-07,RUB,74.630102
2021-01-07,CNY,6.478199
2021-01-08,EUR,0.817996
2021-01-08,JPY,103.928504
2021-01-08,GBP,0.737247
2021-01-08,AUD,1.287623
2021-01-08,CAD,1.270375
2021-01-08,INR,73.379404
2021-01-08,MXN,20.00415
2021-01-08,RUB,74.083604
2021-01-08,CNY,6.475404
2021-01-09,EUR,0.817996
2021-01-09,JPY,103.94804
2021-01-09,GBP,0.737164
2021-01-09,AUD,1.28866
2021-01-09,CAD,1.269865
2021-01-09,INR,73.378404
2021-01-09,MXN,20.00935
2021-01-09,RUB,74.083604
2021-01-09,CNY,6.475404
2021-01-10,EUR,0.820635
2021-01-10,JPY,104.093985
2021-01-10,GBP,0.739903
2021-01-10,AUD,1.29601
2021-01-10,CAD,1.27319
2021-01-10,INR,73.378394
2021-01-10,MXN,20.05299
2021-01-10,RUB,74.4199
2021-01-10,CNY,6.4754
2021-01-11,EUR,0.822328
2021-01-11,JPY,104.132981
2021-01-11,GBP,0.739485
2021-01-11,AUD,1.297454
2021-01-11,CAD,1.27734
2021-01-11,INR,73.513195
2021-01-11,MXN,20.064902
2021-01-11,RUB,74.663096
2021-01-11,CNY,6.480799
2021-01-12,EUR,0.819095
2021-01-12,JPY,103.752502
2021-01-12,GBP,0.73155
2021-01-12,AUD,1.28635
2021-01-12,CAD,1.270815
2021-01-12,INR,73.158203
2021-01-12,MXN,19.79693
2021-01-12,RUB,73.475206
2021-01-12,CNY,6.463965
2021-01-13,EUR,0.822225
2021-01-13,JPY,103.83797
2021-01-13,GBP,0.732715
2021-01-13,AUD,1.29115
2021-01-13,CAD,1.269855
2021-01-13,INR,73.17015
2021-01-13,MXN,19.83885
2021-01-13,RUB,73.883899
2021-01-13,CNY,6.468101
2021-01-14,EUR,0.822985
2021-01-14,JPY,103.828985
2021-01-14,GBP,0.73085
2021-01-14,AUD,1.286058
2021-01-14,CAD,1.264815
2021-01-14,INR,73.08785
2021-01-14,MXN,19.72585
2021-01-14,RUB,73.360298
2021-01-14,CNY,6.4746
2021-01-15,EUR,0.828137
2021-01-15,JPY,103.91404
2021-01-15,GBP,0.736158
2021-01-15,AUD,1.29991
2021-01-15,CAD,1.271875
2021-01-15,INR,73.161504
2021-01-15,MXN,19.803736
2021-01-15,RUB,73.519404
2021-01-15,CNY,6.480804
2021-01-16,EUR,0.827849
2021-01-16,JPY,103.840385
2021-01-16,GBP,0.735916
2021-01-16,AUD,1.298196
2021-01-16,CAD,1.274275
2021-01-16,INR,73.162504
2021-01-16,MXN,19.803736
2021-01-16,RUB,73.519404
2021-01-16,CNY,6.480804
2021-01-17,EUR,0.82866
2021-01-17,JPY,103.910956
2021-01-17,GBP,0.736685
2021-01-17,AUD,1.300675
2021-01-17,CAD,1.276585
2021-01-17,INR,73.162497
2021-01-17,MXN,19.84602
2021-01-17,RUB,73.599502
2021-01-17,CNY,6.480799
2021-01-18,EUR,0.82802
2021-01-18,JPY,103.708003
2021-01-18,GBP,0.736355
2021-01-18,AUD,1.30125
2021-01-18,CAD,1.27505
2021-01-18,INR,73.18895
2021-01-18,MXN,19.69815
2021-01-18,RUB,73.964799
2021-01-18,CNY,6.492497
2021-01-19,EUR,0.823897
2021-01-19,JPY,103.902004
2021-01-19,GBP,0.73295
2021-01-19,AUD,1.296748
2021-01-19,CAD,1.272355
2021-01-19,INR,73.19215
2021-01-19,MXN,19.650992
2021-01-19,RUB,73.806026
2021-01-19,CNY,6.478985
2021-01-20,EUR,0.825405
2021-01-20,JPY,103.555983
2021-01-20,GBP,0.731665
2021-01-20,AUD,1.289391
2021-01-20,CAD,1.26285
2021-01-20,INR,72.91115
2021-01-20,MXN,19.58751
2021-01-20,RUB,73.488403
2021-01-20,CNY,6.466504
2021-01-21,EUR,0.821963
2021-01-21,JPY,103.516038
2021-01-21,GBP,0.728435
2021-01-21,AUD,1.28868
2021-01-21,CAD,1.26487
2021-01-21,INR,72.95515
2021-01-21,MXN,19.73956
2021-01-21,RUB,73.982699
2021-01-21,CNY,6.462396
2021-01-22,EUR,0.821558
2021-01-22,JPY,103.76504
2021-01-22,GBP,0.730909
2021-01-22,AUD,1.295825
2021-01-22,CAD,1.273555
2021-01-22,INR,72.999404
2021-01-22,MXN,19.972804
2021-01-22,RUB,75.264704
2021-01-22,CNY,6.481904
2021-01-23,EUR,0.821389
2021-01-23,JPY,103.76504
2021-01-23,GBP,0.730909
2021-01-23,AUD,1.295825
2021-01-23,CAD,1.273555
2021-01-23,INR,72.999404
2021-01-23,MXN,19.972804
2021-01-23,RUB,75.264704
2021-01-23,CNY,6.481904
2021-01-24,EUR,0.821765
2021-01-24,JPY,103.78699
2021-01-24,GBP,0.730567
2021-01-24,AUD,1.296109
2021-01-24,CAD,1.272405
2021-01-24,INR,72.999405
2021-01-24,MXN,19.94538
2021-01-24,RUB,75.332506
2021-01-24,CNY,6.481897
2021-01-25,EUR,0.823395
2021-01-25,JPY,103.76504
2021-01-25,GBP,0.731101
2021-01-25,AUD,1.29584
2021-01-25,CAD,1.273835
2021-01-25,INR,72.967898
2021-01-25,MXN,20.10767
2021-01-25,RUB,75.317199
2021-01-25,CNY,6.479801
2021-01-26,EUR,0.822176
2021-01-26,JPY,103.606052
2021-01-26,GBP,0.72777
2021-01-26,AUD,1.29015
2021-01-26,CAD,1.26943
2021-01-26,INR,72.92025
2021-01-26,MXN,20.003303
2021-01-26,RUB,75.105102
2021-01-26,CNY,6.4652
2021-01-27,EUR,0.826198
2021-01-27,JPY,104.153001
2021-01-27,GBP,0.73161
2021-01-27,AUD,1.307361
2021-01-27,CAD,1.28185
2021-01-27,INR,73.03735
2021-01-27,MXN,20.33403
2021-01-27,RUB,75.908397
2021-01-27,CNY,6.483603
2021-01-28,EUR,0.825105
2021-01-28,JPY,104.292012
2021-01-28,GBP,0.728651
2021-01-28,AUD,1.303866
2021-01-28,CAD,1.283135
2021-01-28,INR,72.93905
2021-01-28,MXN,20.25475
2021-01-28,RUB,76.201603
2021-01-28,CNY,6.449403
2021-01-29,EUR,0.823879
2021-01-29,JPY,104.71504
2021-01-29,GBP,0.729262
2021-01-29,AUD,1.308387
2021-01-29,CAD,1.27795
2021-01-29,INR,72.90725
2021-01-29,MXN,20.587604
2021-01-29,RUB,75.955038
2021-01-29,CNY,6.427704
2021-01-30,EUR,0.823893
2021-01-30,JPY,104.68504
2021-01-30,GBP,0.729661
2021-01-30,AUD,1.30855
2021-01-30,CAD,1.27795
2021-01-30,INR,72.90685
2021-01-30,MXN,20.59145
2021-01-30,RUB,75.955038
2021-01-30,CNY,6.427604
2021-01-31,EUR,0.82485
2021-01-31,JPY,104.689041
2021-01-31,GBP,0.730098
2021-01-31,AUD,1.31242
2021-01-31,CAD,1.28032
2021-01-31,INR,72.905802
2021-01-31,MXN,20.50779
2021-01-31,RUB,75.916799
2021-01-31,CNY,6.427803
2021-02-01,EUR,0.828615
2021-02-01,JPY,104.886033
2021-02-01,GBP,0.731135
2021-02-01,AUD,1.309843
2021-02-01,CAD,1.28485
2021-02-01,INR,73.12005
2021-02-01,MXN,20.37066
2021-02-01,RUB,76.148604
2021-02-01,CNY,6.468497
2021-02-02,EUR,0.830655
2021-02-02,JPY,105.032997
2021-02-02,GBP,0.73215
2021-02-02,AUD,1.31443
2021-02-02,CAD,1.278655
2021-02-02,INR,72.91655
2021-02-02,MXN,20.14018
2021-02-02,RUB,76.2555
2021-02-02,CNY,6.457399
2021-02-03,EUR,0.830503
2021-02-03,JPY,104.998018
2021-02-03,GBP,0.732695
2021-02-03,AUD,1.310015
2021-02-03,CAD,1.278545
2021-02-03,INR,72.85825
2021-02-03,MXN,20.19958
2021-02-03,RUB,75.920495
2021-02-03,CNY,6.460201
2021-02-04,EUR,0.835675
2021-02-04,JPY,105.572999
2021-02-04,GBP,0.73125
2021-02-04,AUD,1.315616
2021-02-04,CAD,1.282335
2021-02-04,INR,72.94295
2021-02-04,MXN,20.38969
2021-02-04,RUB,75.525705
2021-02-04,CNY,6.471798
2021-02-05,EUR,0.82996
2021-02-05,JPY,105.355504
2021-02-05,GBP,0.727987
2021-02-05,AUD,1.302423
2021-02-05,CAD,1.275115
2021-02-05,INR,72.788304
2021-02-05,MXN,20.09909
2021-02-05,RUB,74.649404
2021-02-05,CNY,6.466704
2021-02-06,EUR,0.829941
2021-02-06,JPY,105.355504
2021-02-06,GBP,0.727987
2021-02-06,AUD,1.302423
2021-02-06,CAD,1.275115
2021-02-06,INR,72.788304
2021-02-06,MXN,20.09909
2021-02-06,RUB,74.649404
2021-02-06,CNY,6.466704
2021-02-07,EUR,0.82999
2021-02-07,JPY,105.40299
2021-02-07,GBP,0.727925
2021-02-07,AUD,1.302321
2021-02-07,CAD,1.275945
2021-02-07,INR,72.788301
2021-02-07,MXN,20.11389
2021-02-07,RUB,74.62055
2021-02-07,CNY,6.466694
2021-02-08,EUR,0.829631
2021-02-08,JPY,105.215017
2021-02-08,GBP,0.72754
2021-02-08,AUD,1.297185
2021-02-08,CAD,1.273855
2021-02-08,INR,72.93015
2021-02-08,MXN,20.10557
2021-02-08,RUB,74.357899
2021-02-08,CNY,6.449014
2021-02-09,EUR,0.825185
2021-02-09,JPY,104.585007
2021-02-09,GBP,0.723746
2021-02-09,AUD,1.291923
2021-02-09,CAD,1.269795
2021-02-09,INR,72.85515
2021-02-09,MXN,20.08635
2021-02-09,RUB,73.911702
2021-02-09,CNY,6.435301
2021-02-10,EUR,0.8251
2021-02-10,JPY,104.625003
2021-02-10,GBP,0.723005
2021-02-10,AUD,1.29463
2021-02-10,CAD,1.26985
2021-02-10,INR,72.80755
2021-02-10,MXN,20.033045
2021-02-10,RUB,73.901499
2021-02-10,CNY,6.458198
2021-02-11,EUR,0.824397
2021-02-11,JPY,104.74403
2021-02-11,GBP,0.72415
2021-02-11,AUD,1.28999
2021-02-11,CAD,1.270145
2021-02-11,INR,72.70975
2021-02-11,MXN,19.96878
2021-02-11,RUB,73.674029
2021-02-11,CNY,6.457898
2021-02-12,EUR,0.825548
2021-02-12,JPY,104.94504
2021-02-12,GBP,0.72235
2021-02-12,AUD,1.28935
2021-02-12,CAD,1.26975
2021-02-12,INR,72.59105
2021-02-12,MXN,19.937604
2021-02-12,RUB,73.651804
2021-02-12,CNY,6.458204
2021-02-13,EUR,0.825048
2021-02-13,JPY,104.95604
2021-02-13,GBP,0.722439
2021-02-13,AUD,1.28935
2021-02-13,CAD,1.26985
2021-02-13,INR,72.59105
2021-02-13,MXN,19.937204
2021-02-13,RUB,73.651804
2021-02-13,CNY,6.458204
2021-02-14,EUR,0.824975
2021-02-14,JPY,105.063979
2021-02-14,GBP,0.72095
2021-02-14,AUD,1.28804
2021-02-14,CAD,1.268835
2021-02-14,INR,72.59505
2021-02-14,MXN,19.93927
2021-02-14,RUB,73.608199
2021-02-14,CNY,6.458202
2021-02-15,EUR,0.824256
2021-02-15,JPY,105.387975
2021-02-15,GBP,0.718735
2021-02-15,AUD,1.284373
2021-02-15,CAD,1.263605
2021-02-15,INR,72.63895
2021-02-15,MXN,19.964302
2021-02-15,RUB,73.36698
2021-02-15,CNY,6.458196
2021-02-16,EUR,0.826985
2021-02-16,JPY,106.113019
2021-02-16,GBP,0.72008
2021-02-16,AUD,1.292357
2021-02-16,CAD,1.27115
2021-02-16,INR,72.93525
2021-02-16,MXN,20.22804
2021-02-16,RUB,73.576603
2021-02-16,CNY,6.458097
2021-02-17,EUR,0.830117
2021-02-17,JPY,105.863978
2021-02-17,GBP,0.72122
2021-02-17,AUD,1.288934
2021-02-17,CAD,1.270135
2021-02-17,INR,72.79755
2021-02-17,MXN,20.21504
2021-02-17,RUB,73.7507
2021-02-17,CNY,6.458599
2021-02-18,EUR,0.827025
2021-02-18,JPY,105.654984
2021-02-18,GBP,0.715985
2021-02-18,AUD,1.287664
2021-02-18,CAD,1.268235
2021-02-18,INR,72.60565
2021-02-18,MXN,20.31073
2021-02-18,RUB,73.868801
2021-02-18,CNY,6.488203
2021-02-19,EUR,0.825202
2021-02-19,JPY,105.645504
2021-02-19,GBP,0.714006
2021-02-19,AUD,1.270648
2021-02-19,CAD,1.26128
2021-02-19,INR,72.55135
2021-02-19,MXN,20.434615
2021-02-19,RUB,74.035038
2021-02-19,CNY,6.486904
2021-02-20,EUR,0.825202
2021-02-20,JPY,105.521504
2021-02-20,GBP,0.713445
2021-02-20,AUD,1.270648
2021-02-20,CAD,1.26155
2021-02-20,INR,72.570504
2021-02-20,MXN,20.427215
2021-02-20,RUB,74.035038
2021-02-20,CNY,6.486804
2021-02-21,EUR,0.824675
2021-02-21,JPY,105.516999
2021-02-21,GBP,0.712725
2021-02-21,AUD,1.267735
2021-02-21,CAD,1.259955
2021-02-21,INR,72.554301
2021-02-21,MXN,20.48995
2021-02-21,RUB,74.161014
2021-02-21,CNY,6.486801
2021-02-22,EUR,0.821976
2021-02-22,JPY,104.988994
2021-02-22,GBP,0.71071
2021-02-22,AUD,1.263415
2021-02-22,CAD,1.26096
2021-02-22,INR,72.44425
2021-02-22,MXN,20.744531
2021-02-22,RUB,74.259504
2021-02-22,CNY,6.464599
2021-02-23,EUR,0.822925
2021-02-23,JPY,105.288024
2021-02-23,GBP,0.70825
2021-02-23,AUD,1.264465
2021-02-23,CAD,1.259345
2021-02-23,INR,72.366503
2021-02-23,MXN,20.517225
2021-02-23,RUB,74.105802
2021-02-23,CNY,6.46545
2021-02-24,EUR,0.821698
2021-02-24,JPY,105.948982
2021-02-24,GBP,0.706851
2021-02-24,AUD,1.253898
2021-02-24,CAD,1.251045
2021-02-24,INR,72.407503
2021-02-24,MXN,20.38016
2021-02-24,RUB,73.529701
2021-02-24,CNY,6.457097
2021-02-25,EUR,0.822365
2021-02-25,JPY,106.382002
2021-02-25,GBP,0.713895
2021-02-25,AUD,1.271052
2021-02-25,CAD,1.261135
2021-02-25,INR,73.151401
2021-02-25,MXN,20.913401
2021-02-25,RUB,74.741301
2021-02-25,CNY,6.454902
2021-02-26,EUR,0.828358
2021-02-26,JPY,106.599504
2021-02-26,GBP,0.718133
2021-02-26,AUD,1.297825
2021-02-26,CAD,1.274175
2021-02-26,INR,73.596404
2021-02-26,MXN,20.86285
2021-02-26,RUB,74.581504
2021-02-26,CNY,6.478904
2021-02-27,EUR,0.828356
2021-02-27,JPY,106.599504
2021-02-27,GBP,0.718133
2021-02-27,AUD,1.297825
2021-02-27,CAD,1.274175
2021-02-27,INR,73.596404
2021-02-27,MXN,20.86285
2021-02-27,RUB,74.581504
2021-02-27,CNY,6.478904
2021-02-28,EUR,0.8272
2021-02-28,JPY,106.505969
2021-02-28,GBP,0.715735
2021-02-28,AUD,1.289985
2021-02-28,CAD,1.269705
2021-02-28,INR,73.596402
2021-02-28,MXN,20.79207
2021-02-28,RUB,74.687502
2021-02-28,CNY,6.478904
2021-03-01,EUR,0.829903
2021-03-01,JPY,106.856024
2021-03-01,GBP,0.71795
2021-03-01,AUD,1.286731
2021-03-01,CAD,1.264295
2021-03-01,INR,73.311299
2021-03-01,MXN,20.65653
2021-03-01,RUB,74.286504
2021-03-01,CNY,6.465803
